epoch (ms),time (01:00),elapsed (s),x-axis (deg/s),y-axis (deg/s),z-axis (deg/s)
1747090554005,2025-05-12T22:55:54.005000,0.005,0.1,-0.15,0.12
1747090554022,2025-05-12T22:55:54.022000,0.022,0.1,0.02,0.14
1747090554039,2025-05-12T22:55:54.039000,0.039,0.02,0.21,0.11
1747090554055,2025-05-12T22:55:54.055000,0.055,-0.12,0.31,0.04
1747090554071,2025-05-12T22:55:54.071000,0.071,-0.27,0.46,0.04
1747090554088,2025-05-12T22:55:54.088000,0.088,-0.32,0.55,0.04
1747090554105,2025-05-12T22:55:54.105000,0.105,-0.41,0.5,0.08
1747090554121,2025-05-12T22:55:54.121000,0.121,-0.47,0.59,-0.16
1747090554138,2025-05-12T22:55:54.138000,0.138,-0.55,0.93,-0.27
1747090554155,2025-05-12T22:55:54.155000,0.155,-0.6,1.18,-0.25
1747090554171,2025-05-12T22:55:54.171000,0.171,-0.53,1.31,-0.35
1747090554188,2025-05-12T22:55:54.188000,0.188,-0.35,0.89,-0.4
1747090554206,2025-05-12T22:55:54.206000,0.206,-0.07,0.02,-0.38
1747090554221,2025-05-12T22:55:54.221000,0.221,0.22,-0.6,-0.25
1747090554238,2025-05-12T22:55:54.238000,0.238,0.37,-0.76,-0.24
1747090554255,2025-05-12T22:55:54.255000,0.255,0.31,-0.51,-0.27
1747090554271,2025-05-12T22:55:54.271000,0.271,0.04,-0.09,-0.11
1747090554288,2025-05-12T22:55:54.288000,0.288,0.11,-0.29,-0.18
1747090554305,2025-05-12T22:55:54.305000,0.305,0.37,-0.22,-0.32
1747090554324,2025-05-12T22:55:54.324000,0.324,0.17,0.1,-0.48
1747090554338,2025-05-12T22:55:54.338000,0.338,0.01,0.39,-0.62
1747090554355,2025-05-12T22:55:54.355000,0.355,-0.08,0.7,-0.58
1747090554371,2025-05-12T22:55:54.371000,0.371,0.01,0.94,-0.39
1747090554388,2025-05-12T22:55:54.388000,0.388,0.15,0.85,-0.18
1747090554405,2025-05-12T22:55:54.405000,0.405,0.22,0.6,-0.05
1747090554421,2025-05-12T22:55:54.421000,0.421,0.22,0.39,-0.02
1747090554438,2025-05-12T22:55:54.438000,0.438,0.23,0.26,-0.11
1747090554455,2025-05-12T22:55:54.455000,0.455,0.17,0.05,-0.18
1747090554471,2025-05-12T22:55:54.471000,0.471,-0.05,-0.38,-0.4
1747090554504,2025-05-12T22:55:54.504000,0.504,-0.33,-0.78,-0.65
1747090554520,2025-05-12T22:55:54.520000,0.52,-0.3,0.15,-0.83
1747090554537,2025-05-12T22:55:54.537000,0.537,-0.39,0.65,-0.65
1747090554570,2025-05-12T22:55:54.570000,0.57,-0.39,0.77,-0.5
1747090554587,2025-05-12T22:55:54.587000,0.587,0.1,0.0,-0.37
1747090554604,2025-05-12T22:55:54.604000,0.604,0.37,-0.27,-0.25
1747090554620,2025-05-12T22:55:54.620000,0.62,0.49,-0.25,-0.17
1747090554637,2025-05-12T22:55:54.637000,0.637,0.39,-0.21,-0.11
1747090554654,2025-05-12T22:55:54.654000,0.654,0.22,-0.14,-0.12
1747090554670,2025-05-12T22:55:54.670000,0.67,0.09,-0.16,-0.16
1747090554687,2025-05-12T22:55:54.687000,0.687,0.11,-0.01,-0.28
1747090554704,2025-05-12T22:55:54.704000,0.704,0.17,0.17,-0.43
1747090554721,2025-05-12T22:55:54.721000,0.721,0.19,0.26,-0.46
1747090554737,2025-05-12T22:55:54.737000,0.737,0.15,0.26,-0.31
1747090554754,2025-05-12T22:55:54.754000,0.754,0.05,0.04,-0.14
1747090554771,2025-05-12T22:55:54.771000,0.771,0.11,-0.11,-0.02
1747090554787,2025-05-12T22:55:54.787000,0.787,0.26,-0.47,0.04
1747090554806,2025-05-12T22:55:54.806000,0.806,0.31,-0.67,0.13
1747090554822,2025-05-12T22:55:54.822000,0.822,0.23,-0.63,0.19
1747090554839,2025-05-12T22:55:54.839000,0.839,0.04,-0.52,0.16
1747090554856,2025-05-12T22:55:54.856000,0.856,-0.13,-0.36,-0.01
1747090554872,2025-05-12T22:55:54.872000,0.872,-0.17,-0.17,-0.13
1747090554889,2025-05-12T22:55:54.889000,0.889,-0.12,-0.02,0.01
1747090554905,2025-05-12T22:55:54.905000,0.905,-0.11,0.01,0.17
1747090554922,2025-05-12T22:55:54.922000,0.922,-0.24,0.19,0.11
1747090554939,2025-05-12T22:55:54.939000,0.939,-0.32,0.34,-0.02
1747090554955,2025-05-12T22:55:54.955000,0.955,-0.22,0.28,0.09
1747090554972,2025-05-12T22:55:54.972000,0.972,-0.01,0.35,0.25
1747090554989,2025-05-12T22:55:54.989000,0.989,0.22,0.23,0.33
1747090555021,2025-05-12T22:55:55.021000,1.021,0.26,-0.01,0.27
1747090555037,2025-05-12T22:55:55.037000,1.037,0.26,-0.06,0.23
1747090555054,2025-05-12T22:55:55.054000,1.054,0.07,0.2,0.17
1747090555087,2025-05-12T22:55:55.087000,1.087,-0.09,0.45,0.24
1747090555104,2025-05-12T22:55:55.104000,1.104,-0.0,0.06,-0.08
1747090555121,2025-05-12T22:55:55.121000,1.121,0.13,-0.31,0.07
1747090555137,2025-05-12T22:55:55.137000,1.137,0.06,-0.38,0.17
1747090555154,2025-05-12T22:55:55.154000,1.154,-0.23,-0.32,0.14
1747090555171,2025-05-12T22:55:55.171000,1.171,-0.37,-0.29,0.13
1747090555187,2025-05-12T22:55:55.187000,1.187,-0.23,-0.36,0.17
1747090555204,2025-05-12T22:55:55.204000,1.204,-0.04,-0.48,0.22
1747090555221,2025-05-12T22:55:55.221000,1.221,0.02,-0.49,0.25
1747090555237,2025-05-12T22:55:55.237000,1.237,-0.03,-0.43,0.27
1747090555254,2025-05-12T22:55:55.254000,1.254,-0.14,-0.35,0.2
1747090555271,2025-05-12T22:55:55.271000,1.271,-0.26,-0.28,0.06
1747090555287,2025-05-12T22:55:55.287000,1.287,-0.24,-0.19,-0.03
1747090555304,2025-05-12T22:55:55.304000,1.304,-0.14,-0.18,0.12
1747090555321,2025-05-12T22:55:55.321000,1.321,-0.09,-0.25,0.08
1747090555337,2025-05-12T22:55:55.337000,1.337,-0.18,-0.11,-0.21
1747090555356,2025-05-12T22:55:55.356000,1.356,-0.3,0.05,-0.22
1747090555375,2025-05-12T22:55:55.375000,1.375,-0.07,-0.18,-0.12
1747090555390,2025-05-12T22:55:55.390000,1.39,0.36,-0.31,0.05
1747090555406,2025-05-12T22:55:55.406000,1.406,0.56,-0.18,0.25
1747090555423,2025-05-12T22:55:55.423000,1.423,0.4,-0.02,0.14
1747090555440,2025-05-12T22:55:55.440000,1.44,0.08,0.24,-0.13
1747090555456,2025-05-12T22:55:55.456000,1.456,-0.06,0.25,-0.11
1747090555473,2025-05-12T22:55:55.473000,1.473,0.03,-0.02,-0.03
1747090555490,2025-05-12T22:55:55.490000,1.49,0.05,-0.13,0.01
1747090555506,2025-05-12T22:55:55.506000,1.506,-0.25,0.14,0.06
1747090555537,2025-05-12T22:55:55.537000,1.537,-0.33,0.27,0.07
1747090555554,2025-05-12T22:55:55.554000,1.554,-0.28,0.17,0.08
1747090555571,2025-05-12T22:55:55.571000,1.571,-0.1,-0.48,0.12
1747090555604,2025-05-12T22:55:55.604000,1.604,-0.07,-0.43,0.11
1747090555621,2025-05-12T22:55:55.621000,1.621,-0.08,0.15,0.03
1747090555637,2025-05-12T22:55:55.637000,1.637,-0.05,0.14,0.09
1747090555670,2025-05-12T22:55:55.670000,1.67,0.06,0.02,0.05
1747090555687,2025-05-12T22:55:55.687000,1.687,-0.03,0.22,0.04
1747090555703,2025-05-12T22:55:55.703000,1.703,-0.3,0.48,-0.0
1747090555721,2025-05-12T22:55:55.721000,1.721,-0.42,0.51,-0.06
1747090555737,2025-05-12T22:55:55.737000,1.737,-0.35,0.23,-0.12
1747090555754,2025-05-12T22:55:55.754000,1.754,-0.3,0.01,-0.14
1747090555771,2025-05-12T22:55:55.771000,1.771,-0.26,0.13,-0.15
1747090555787,2025-05-12T22:55:55.787000,1.787,-0.19,0.35,-0.14
1747090555803,2025-05-12T22:55:55.803000,1.803,-0.09,0.32,-0.08
1747090555820,2025-05-12T22:55:55.820000,1.82,0.0,0.13,-0.01
1747090555837,2025-05-12T22:55:55.837000,1.837,0.17,-0.07,-0.02
1747090555857,2025-05-12T22:55:55.857000,1.857,0.33,-0.28,-0.04
1747090555874,2025-05-12T22:55:55.874000,1.874,0.38,-0.36,-0.03
1747090555890,2025-05-12T22:55:55.890000,1.89,0.33,-0.27,-0.03
1747090555907,2025-05-12T22:55:55.907000,1.907,0.23,-0.07,-0.06
1747090555924,2025-05-12T22:55:55.924000,1.924,0.06,0.08,-0.13
1747090555940,2025-05-12T22:55:55.940000,1.94,-0.03,0.05,-0.17
1747090555957,2025-05-12T22:55:55.957000,1.957,0.05,-0.07,-0.16
1747090555974,2025-05-12T22:55:55.974000,1.974,0.16,-0.12,-0.14
1747090555990,2025-05-12T22:55:55.990000,1.99,0.12,0.01,-0.15
1747090556007,2025-05-12T22:55:56.007000,2.007,-0.06,0.11,-0.17
1747090556023,2025-05-12T22:55:56.023000,2.023,0.0,0.11,-0.11
1747090556053,2025-05-12T22:55:56.053000,2.053,0.15,0.01,-0.13
1747090556070,2025-05-12T22:55:56.070000,2.07,0.21,-0.08,-0.14
1747090556087,2025-05-12T22:55:56.087000,2.087,0.17,-0.08,-0.1
1747090556103,2025-05-12T22:55:56.103000,2.103,0.09,-0.05,-0.09
1747090556120,2025-05-12T22:55:56.120000,2.12,0.12,-0.08,-0.14
1747090556137,2025-05-12T22:55:56.137000,2.137,0.33,-0.27,-0.15
1747090556154,2025-05-12T22:55:56.154000,2.154,0.59,-0.65,-0.22
1747090556187,2025-05-12T22:55:56.187000,2.187,0.51,-0.82,-0.21
1747090556204,2025-05-12T22:55:56.204000,2.204,0.14,-0.37,-0.11
1747090556220,2025-05-12T22:55:56.220000,2.22,0.02,0.14,0.09
1747090556237,2025-05-12T22:55:56.237000,2.237,-0.08,0.29,0.24
1747090556254,2025-05-12T22:55:56.254000,2.254,-0.14,0.17,0.24
1747090556270,2025-05-12T22:55:56.270000,2.27,-0.13,-0.03,0.17
1747090556287,2025-05-12T22:55:56.287000,2.287,-0.16,-0.17,0.22
1747090556304,2025-05-12T22:55:56.304000,2.304,-0.18,-0.07,0.31
1747090556320,2025-05-12T22:55:56.320000,2.32,-0.17,0.12,0.29
1747090556337,2025-05-12T22:55:56.337000,2.337,-0.18,0.16,0.22
1747090556354,2025-05-12T22:55:56.354000,2.354,-0.22,0.11,0.18
1747090556374,2025-05-12T22:55:56.374000,2.374,-0.3,0.08,0.14
1747090556391,2025-05-12T22:55:56.391000,2.391,-0.36,0.17,0.07
1747090556407,2025-05-12T22:55:56.407000,2.407,-0.36,0.2,0.05
1747090556426,2025-05-12T22:55:56.426000,2.426,-0.35,0.16,0.08
1747090556441,2025-05-12T22:55:56.441000,2.441,-0.39,0.14,0.05
1747090556457,2025-05-12T22:55:56.457000,2.457,-0.44,0.24,-0.03
1747090556474,2025-05-12T22:55:56.474000,2.474,-0.45,0.31,-0.04
1747090556491,2025-05-12T22:55:56.491000,2.491,-0.39,0.31,-0.04
1747090556507,2025-05-12T22:55:56.507000,2.507,-0.35,0.2,-0.04
1747090556524,2025-05-12T22:55:56.524000,2.524,-0.35,0.11,-0.06
1747090556541,2025-05-12T22:55:56.541000,2.541,-0.28,0.03,-0.02
1747090556571,2025-05-12T22:55:56.571000,2.571,-0.23,-0.1,-0.04
1747090556587,2025-05-12T22:55:56.587000,2.587,-0.21,-0.21,-0.1
1747090556604,2025-05-12T22:55:56.604000,2.604,-0.27,-0.19,-0.15
1747090556621,2025-05-12T22:55:56.621000,2.621,-0.35,-0.08,-0.14
1747090556637,2025-05-12T22:55:56.637000,2.637,-0.36,0.1,-0.11
1747090556654,2025-05-12T22:55:56.654000,2.654,-0.35,0.14,-0.06
1747090556671,2025-05-12T22:55:56.671000,2.671,-0.16,-0.63,0.02
1747090556704,2025-05-12T22:55:56.704000,2.704,0.59,-1.69,0.23
1747090556721,2025-05-12T22:55:56.721000,2.721,0.2,0.03,-0.04
1747090556737,2025-05-12T22:55:56.737000,2.737,-0.59,0.71,-0.09
1747090556771,2025-05-12T22:55:56.771000,2.771,-0.4,0.57,-0.12
1747090556787,2025-05-12T22:55:56.787000,2.787,0.04,0.17,-0.14
1747090556804,2025-05-12T22:55:56.804000,2.804,0.08,0.19,-0.22
1747090556821,2025-05-12T22:55:56.821000,2.821,-0.08,0.31,-0.19
1747090556838,2025-05-12T22:55:56.838000,2.838,-0.18,0.47,-0.1
1747090556854,2025-05-12T22:55:56.854000,2.854,-0.21,0.53,-0.06
1747090556875,2025-05-12T22:55:56.875000,2.875,-0.12,0.44,-0.08
1747090556892,2025-05-12T22:55:56.892000,2.892,0.09,0.24,-0.06
1747090556908,2025-05-12T22:55:56.908000,2.908,0.32,0.08,-0.03
1747090556925,2025-05-12T22:55:56.925000,2.925,0.37,-0.12,-0.02
1747090556942,2025-05-12T22:55:56.942000,2.942,0.61,-0.66,-0.05
1747090556958,2025-05-12T22:55:56.958000,2.958,0.95,-1.11,0.04
1747090556975,2025-05-12T22:55:56.975000,2.975,1.15,-1.16,-0.14
1747090556991,2025-05-12T22:55:56.991000,2.991,1.03,-0.55,-0.27
1747090557008,2025-05-12T22:55:57.008000,3.008,0.52,0.08,-0.15
1747090557025,2025-05-12T22:55:57.025000,3.025,-0.12,0.26,0.13
1747090557041,2025-05-12T22:55:57.041000,3.041,-0.28,0.29,0.24
1747090557058,2025-05-12T22:55:57.058000,3.058,-0.18,0.09,0.16
1747090557074,2025-05-12T22:55:57.074000,3.074,-0.02,0.11,0.08
1747090557091,2025-05-12T22:55:57.091000,3.091,0.0,0.06,0.14
1747090557108,2025-05-12T22:55:57.108000,3.108,0.2,0.39,0.1
1747090557124,2025-05-12T22:55:57.124000,3.124,0.2,0.52,0.09
1747090557155,2025-05-12T22:55:57.155000,3.155,0.08,0.44,0.1
1747090557171,2025-05-12T22:55:57.171000,3.171,-0.02,0.19,0.1
1747090557188,2025-05-12T22:55:57.188000,3.188,0.04,0.08,-0.07
1747090557221,2025-05-12T22:55:57.221000,3.221,0.05,0.17,-0.02
1747090557238,2025-05-12T22:55:57.238000,3.238,0.02,-0.29,0.24
1747090557255,2025-05-12T22:55:57.255000,3.255,0.13,-0.69,0.28
1747090557288,2025-05-12T22:55:57.288000,3.288,0.77,-0.64,0.26
1747090557305,2025-05-12T22:55:57.305000,3.305,0.69,-0.0,0.29
1747090557321,2025-05-12T22:55:57.321000,3.321,0.37,-0.16,0.44
1747090557338,2025-05-12T22:55:57.338000,3.338,-0.12,-0.23,0.33
1747090557355,2025-05-12T22:55:57.355000,3.355,-0.3,-0.12,0.26
1747090557371,2025-05-12T22:55:57.371000,3.371,-0.26,-0.0,0.32
1747090557388,2025-05-12T22:55:57.388000,3.388,-0.17,0.06,0.32
1747090557405,2025-05-12T22:55:57.405000,3.405,-0.14,0.18,0.26
1747090557426,2025-05-12T22:55:57.426000,3.426,-0.23,0.38,0.17
1747090557442,2025-05-12T22:55:57.442000,3.442,-0.38,0.31,0.21
1747090557459,2025-05-12T22:55:57.459000,3.459,-0.47,0.2,0.18
1747090557476,2025-05-12T22:55:57.476000,3.476,-0.39,0.1,0.16
1747090557492,2025-05-12T22:55:57.492000,3.492,-0.3,-0.0,0.27
1747090557509,2025-05-12T22:55:57.509000,3.509,-0.26,-0.07,0.32
1747090557525,2025-05-12T22:55:57.525000,3.525,-0.28,-0.06,0.28
1747090557543,2025-05-12T22:55:57.543000,3.543,-0.29,-0.16,0.24
1747090557559,2025-05-12T22:55:57.559000,3.559,-0.29,-0.32,0.19
1747090557576,2025-05-12T22:55:57.576000,3.576,-0.35,-0.42,0.19
1747090557604,2025-05-12T22:55:57.604000,3.604,-0.42,-0.19,0.1
1747090557620,2025-05-12T22:55:57.620000,3.62,-0.39,-0.06,0.05
1747090557637,2025-05-12T22:55:57.637000,3.637,-0.31,-0.18,0.05
1747090557654,2025-05-12T22:55:57.654000,3.654,-0.28,-0.41,0.11
1747090557670,2025-05-12T22:55:57.670000,3.67,-0.21,-0.54,0.15
1747090557688,2025-05-12T22:55:57.688000,3.688,-0.06,-0.38,0.07
1747090557704,2025-05-12T22:55:57.704000,3.704,0.04,-0.35,0.06
1747090557720,2025-05-12T22:55:57.720000,3.72,-0.01,-0.46,0.04
1747090557737,2025-05-12T22:55:57.737000,3.737,0.13,-0.69,0.07
1747090557754,2025-05-12T22:55:57.754000,3.754,0.36,-0.27,-0.04
1747090557770,2025-05-12T22:55:57.770000,3.77,0.3,0.22,-0.16
1747090557804,2025-05-12T22:55:57.804000,3.804,0.21,0.24,-0.17
1747090557820,2025-05-12T22:55:57.820000,3.82,0.27,0.03,-0.06
1747090557837,2025-05-12T22:55:57.837000,3.837,0.34,0.03,-0.05
1747090557870,2025-05-12T22:55:57.870000,3.87,0.1,0.43,-0.18
1747090557887,2025-05-12T22:55:57.887000,3.887,0.04,0.48,-0.05
1747090557904,2025-05-12T22:55:57.904000,3.904,0.09,0.41,-0.01
1747090557921,2025-05-12T22:55:57.921000,3.921,0.24,0.45,-0.08
1747090557943,2025-05-12T22:55:57.943000,3.943,0.45,0.77,-0.01
1747090557960,2025-05-12T22:55:57.960000,3.96,0.64,0.97,0.11
1747090557977,2025-05-12T22:55:57.977000,3.977,0.69,0.79,0.12
1747090557993,2025-05-12T22:55:57.993000,3.993,0.57,0.42,0.02
1747090558010,2025-05-12T22:55:58.010000,4.01,0.29,-0.09,-0.14
1747090558026,2025-05-12T22:55:58.026000,4.026,-0.01,-0.38,-0.29
1747090558043,2025-05-12T22:55:58.043000,4.043,-0.26,-0.24,-0.35
1747090558059,2025-05-12T22:55:58.059000,4.059,-0.42,0.19,-0.29
1747090558076,2025-05-12T22:55:58.076000,4.076,-0.5,0.6,-0.15
1747090558093,2025-05-12T22:55:58.093000,4.093,-0.57,0.01,-0.2
1747090558121,2025-05-12T22:55:58.121000,4.121,-0.45,-0.33,-0.3
1747090558137,2025-05-12T22:55:58.137000,4.137,-0.17,-0.29,-0.22
1747090558154,2025-05-12T22:55:58.154000,4.154,0.13,-0.12,-0.09
1747090558171,2025-05-12T22:55:58.171000,4.171,0.31,-0.25,-0.02
1747090558187,2025-05-12T22:55:58.187000,4.187,0.34,-0.56,-0.03
1747090558204,2025-05-12T22:55:58.204000,4.204,0.23,-0.66,-0.03
1747090558221,2025-05-12T22:55:58.221000,4.221,0.11,-0.33,0.0
1747090558237,2025-05-12T22:55:58.237000,4.237,-0.09,0.05,0.01
1747090558254,2025-05-12T22:55:58.254000,4.254,-0.34,0.28,-0.15
1747090558271,2025-05-12T22:55:58.271000,4.271,-0.5,0.43,-0.32
1747090558288,2025-05-12T22:55:58.288000,4.288,-0.35,0.41,-0.28
1747090558321,2025-05-12T22:55:58.321000,4.321,-0.41,0.13,-0.2
1747090558338,2025-05-12T22:55:58.338000,4.338,-0.25,0.35,-0.14
1747090558354,2025-05-12T22:55:58.354000,4.354,-0.09,0.55,-0.16
1747090558388,2025-05-12T22:55:58.388000,4.388,-0.1,-0.6,-0.24
1747090558404,2025-05-12T22:55:58.404000,4.404,-0.13,-0.73,-0.22
1747090558427,2025-05-12T22:55:58.427000,4.427,-0.26,-0.41,-0.03
1747090558444,2025-05-12T22:55:58.444000,4.444,-0.4,0.01,0.16
1747090558460,2025-05-12T22:55:58.460000,4.46,-0.27,0.48,0.17
1747090558477,2025-05-12T22:55:58.477000,4.477,0.14,0.62,-0.0
1747090558494,2025-05-12T22:55:58.494000,4.494,0.49,0.45,-0.04
1747090558510,2025-05-12T22:55:58.510000,4.51,0.14,-0.02,0.02
1747090558529,2025-05-12T22:55:58.529000,4.529,-0.38,-0.02,0.02
1747090558543,2025-05-12T22:55:58.543000,4.543,-0.34,0.26,0.09
1747090558560,2025-05-12T22:55:58.560000,4.56,0.01,0.46,0.13
1747090558577,2025-05-12T22:55:58.577000,4.577,0.04,0.11,0.08
1747090558593,2025-05-12T22:55:58.593000,4.593,-0.1,-0.18,-0.05
1747090558610,2025-05-12T22:55:58.610000,4.61,-0.19,-0.09,-0.17
1747090558627,2025-05-12T22:55:58.627000,4.627,-0.29,0.04,-0.22
1747090558643,2025-05-12T22:55:58.643000,4.643,-0.25,0.06,-0.27
1747090558660,2025-05-12T22:55:58.660000,4.66,-0.0,-0.13,-0.47
1747090558677,2025-05-12T22:55:58.677000,4.677,-0.14,-0.02,-0.45
1747090558705,2025-05-12T22:55:58.705000,4.705,-0.2,0.29,-0.44
1747090558721,2025-05-12T22:55:58.721000,4.721,-0.15,0.25,-0.39
1747090558738,2025-05-12T22:55:58.738000,4.738,-0.13,0.05,-0.34
1747090558755,2025-05-12T22:55:58.755000,4.755,-0.12,-0.04,-0.25
1747090558771,2025-05-12T22:55:58.771000,4.771,-0.21,-0.07,-0.06
1747090558788,2025-05-12T22:55:58.788000,4.788,-0.36,-0.05,0.07
1747090558805,2025-05-12T22:55:58.805000,4.805,-0.19,-0.29,0.14
1747090558838,2025-05-12T22:55:58.838000,4.838,-0.11,-0.24,0.46
1747090558855,2025-05-12T22:55:58.855000,4.855,-0.28,0.14,0.22
1747090558872,2025-05-12T22:55:58.872000,4.872,-0.17,0.12,0.16
1747090558905,2025-05-12T22:55:58.905000,4.905,-0.02,-0.02,0.18
1747090558928,2025-05-12T22:55:58.928000,4.928,-0.03,0.01,0.19
1747090558944,2025-05-12T22:55:58.944000,4.944,-0.06,0.07,0.18
1747090558961,2025-05-12T22:55:58.961000,4.961,-0.06,0.02,0.23
1747090558978,2025-05-12T22:55:58.978000,4.978,-0.0,-0.17,0.25
1747090558988,2025-05-12T22:55:58.988000,4.988,0.1,-0.32,0.25
1747090559005,2025-05-12T22:55:59.005000,5.005,0.16,-0.13,0.23
1747090559022,2025-05-12T22:55:59.022000,5.022,0.08,0.25,0.11
1747090559038,2025-05-12T22:55:59.038000,5.038,-0.14,0.42,-0.08
1747090559055,2025-05-12T22:55:59.055000,5.055,-0.23,0.23,-0.07
1747090559072,2025-05-12T22:55:59.072000,5.072,-0.2,-0.08,0.09
1747090559088,2025-05-12T22:55:59.088000,5.088,-0.11,-0.09,0.13
1747090559105,2025-05-12T22:55:59.105000,5.105,-0.0,0.24,0.11
1747090559122,2025-05-12T22:55:59.122000,5.122,-0.05,0.73,0.05
1747090559138,2025-05-12T22:55:59.138000,5.138,-0.31,0.86,0.04
1747090559155,2025-05-12T22:55:59.155000,5.155,-0.36,0.77,-0.04
1747090559171,2025-05-12T22:55:59.171000,5.171,-0.22,0.41,-0.0
1747090559188,2025-05-12T22:55:59.188000,5.188,-0.0,0.13,0.08
1747090559205,2025-05-12T22:55:59.205000,5.205,0.13,0.25,0.09
1747090559222,2025-05-12T22:55:59.222000,5.222,0.03,0.34,0.07
1747090559238,2025-05-12T22:55:59.238000,5.238,-0.05,0.25,-0.03
1747090559255,2025-05-12T22:55:59.255000,5.255,0.08,0.1,-0.08
1747090559271,2025-05-12T22:55:59.271000,5.271,0.19,0.04,0.02
1747090559288,2025-05-12T22:55:59.288000,5.288,0.27,0.08,0.12
1747090559305,2025-05-12T22:55:59.305000,5.305,0.37,0.03,0.12
1747090559322,2025-05-12T22:55:59.322000,5.322,0.23,0.01,0.06
1747090559355,2025-05-12T22:55:59.355000,5.355,0.15,0.06,0.07
1747090559371,2025-05-12T22:55:59.371000,5.371,0.15,-0.02,0.1
1747090559388,2025-05-12T22:55:59.388000,5.388,0.16,-0.17,0.16
1747090559422,2025-05-12T22:55:59.422000,5.422,0.18,-0.09,0.18
1747090559438,2025-05-12T22:55:59.438000,5.438,0.16,-0.07,0.15
1747090559455,2025-05-12T22:55:59.455000,5.455,0.07,-0.1,0.1
1747090559471,2025-05-12T22:55:59.471000,5.471,0.05,-0.09,0.06
1747090559488,2025-05-12T22:55:59.488000,5.488,0.11,-0.1,0.07
1747090559505,2025-05-12T22:55:59.505000,5.505,0.1,-0.16,0.08
1747090559522,2025-05-12T22:55:59.522000,5.522,0.04,-0.28,0.04
1747090559538,2025-05-12T22:55:59.538000,5.538,0.03,-0.34,0.02
1747090559555,2025-05-12T22:55:59.555000,5.555,0.05,-0.22,0.1
1747090559571,2025-05-12T22:55:59.571000,5.571,0.02,-0.13,0.14
1747090559588,2025-05-12T22:55:59.588000,5.588,-0.02,-0.24,0.11
1747090559605,2025-05-12T22:55:59.605000,5.605,-0.03,-0.33,0.02
1747090559622,2025-05-12T22:55:59.622000,5.622,-0.07,-0.32,-0.04
1747090559638,2025-05-12T22:55:59.638000,5.638,-0.12,-0.21,-0.1
1747090559655,2025-05-12T22:55:59.655000,5.655,-0.09,-0.07,-0.14
1747090559671,2025-05-12T22:55:59.671000,5.671,-0.03,0.04,-0.12
1747090559688,2025-05-12T22:55:59.688000,5.688,0.01,0.09,-0.07
1747090559705,2025-05-12T22:55:59.705000,5.705,0.01,-0.02,-0.07
1747090559722,2025-05-12T22:55:59.722000,5.722,0.09,-0.12,-0.14
1747090559738,2025-05-12T22:55:59.738000,5.738,0.23,-0.15,-0.15
1747090559755,2025-05-12T22:55:59.755000,5.755,0.33,-0.1,-0.11
1747090559771,2025-05-12T22:55:59.771000,5.771,0.31,-0.08,-0.09
1747090559788,2025-05-12T22:55:59.788000,5.788,0.27,-0.06,-0.1
1747090559805,2025-05-12T22:55:59.805000,5.805,0.18,-0.04,-0.08
1747090559822,2025-05-12T22:55:59.822000,5.822,0.12,-0.12,-0.08
1747090559838,2025-05-12T22:55:59.838000,5.838,0.28,-0.32,-0.1
1747090559855,2025-05-12T22:55:59.855000,5.855,0.48,-0.47,-0.01
1747090559871,2025-05-12T22:55:59.871000,5.871,0.43,-0.41,0.08
1747090559888,2025-05-12T22:55:59.888000,5.888,0.26,-0.23,0.06
1747090559905,2025-05-12T22:55:59.905000,5.905,0.3,-0.22,0.0
1747090559938,2025-05-12T22:55:59.938000,5.938,0.4,-0.22,0.01
1747090559955,2025-05-12T22:55:59.955000,5.955,0.2,-0.05,-0.03
1747090559971,2025-05-12T22:55:59.971000,5.971,0.02,0.12,-0.06
1747090559988,2025-05-12T22:55:59.988000,5.988,-0.08,0.3,-0.02
1747090560005,2025-05-12T22:56:00.005000,6.005,-0.04,0.24,0.06
1747090560022,2025-05-12T22:56:00.022000,6.022,0.02,-0.01,0.12
1747090560038,2025-05-12T22:56:00.038000,6.038,0.03,-0.08,0.11
1747090560055,2025-05-12T22:56:00.055000,6.055,0.02,0.1,0.05
1747090560071,2025-05-12T22:56:00.071000,6.071,0.01,0.21,0.05
1747090560088,2025-05-12T22:56:00.088000,6.088,-0.02,0.26,0.01
1747090560105,2025-05-12T22:56:00.105000,6.105,-0.09,0.22,-0.03
1747090560122,2025-05-12T22:56:00.122000,6.122,-0.11,0.07,-0.03
1747090560138,2025-05-12T22:56:00.138000,6.138,-0.1,0.15,-0.1
1747090560155,2025-05-12T22:56:00.155000,6.155,-0.15,0.25,-0.12
1747090560171,2025-05-12T22:56:00.171000,6.171,-0.18,0.25,-0.12
1747090560189,2025-05-12T22:56:00.189000,6.189,-0.18,0.11,-0.09
1747090560205,2025-05-12T22:56:00.205000,6.205,-0.18,-0.24,0.08
1747090560222,2025-05-12T22:56:00.222000,6.222,-0.12,-0.59,0.14
1747090560239,2025-05-12T22:56:00.239000,6.239,0.09,-0.69,0.11
1747090560255,2025-05-12T22:56:00.255000,6.255,0.19,-0.41,0.04
1747090560271,2025-05-12T22:56:00.271000,6.271,0.07,-0.07,-0.02
1747090560289,2025-05-12T22:56:00.289000,6.289,-0.14,0.1,-0.07
1747090560305,2025-05-12T22:56:00.305000,6.305,-0.17,0.01,-0.15
1747090560322,2025-05-12T22:56:00.322000,6.322,-0.05,-0.21,-0.13
1747090560339,2025-05-12T22:56:00.339000,6.339,-0.05,-0.19,-0.03
1747090560355,2025-05-12T22:56:00.355000,6.355,-0.17,0.02,0.06
1747090560371,2025-05-12T22:56:00.371000,6.371,-0.17,0.01,0.06
1747090560389,2025-05-12T22:56:00.389000,6.389,-0.07,-0.02,-0.01
1747090560405,2025-05-12T22:56:00.405000,6.405,-0.02,-0.05,-0.05
1747090560422,2025-05-12T22:56:00.422000,6.422,-0.09,-0.09,-0.0
1747090560455,2025-05-12T22:56:00.455000,6.455,-0.08,-0.02,-0.04
1747090560471,2025-05-12T22:56:00.471000,6.471,0.01,-0.02,-0.12
1747090560489,2025-05-12T22:56:00.489000,6.489,-0.0,-0.02,-0.07
1747090560522,2025-05-12T22:56:00.522000,6.522,-0.07,-0.07,-0.05
1747090560539,2025-05-12T22:56:00.539000,6.539,-0.07,-0.06,-0.01
1747090560555,2025-05-12T22:56:00.555000,6.555,-0.04,-0.08,0.02
1747090560571,2025-05-12T22:56:00.571000,6.571,-0.04,-0.05,0.04
1747090560589,2025-05-12T22:56:00.589000,6.589,-0.07,0.04,0.05
1747090560605,2025-05-12T22:56:00.605000,6.605,-0.14,-0.0,0.11
1747090560622,2025-05-12T22:56:00.622000,6.622,-0.13,0.0,0.12
1747090560639,2025-05-12T22:56:00.639000,6.639,-0.08,0.04,0.09
1747090560655,2025-05-12T22:56:00.655000,6.655,-0.11,0.04,0.07
1747090560671,2025-05-12T22:56:00.671000,6.671,-0.15,0.05,0.07
1747090560689,2025-05-12T22:56:00.689000,6.689,-0.21,0.07,0.1
1747090560705,2025-05-12T22:56:00.705000,6.705,-0.23,0.08,0.07
1747090560722,2025-05-12T22:56:00.722000,6.722,-0.19,0.11,0.05
1747090560739,2025-05-12T22:56:00.739000,6.739,-0.2,0.08,0.07
1747090560755,2025-05-12T22:56:00.755000,6.755,-0.27,0.11,0.11
1747090560772,2025-05-12T22:56:00.772000,6.772,-0.27,0.15,0.1
1747090560789,2025-05-12T22:56:00.789000,6.789,-0.15,0.07,0.05
1747090560805,2025-05-12T22:56:00.805000,6.805,0.04,0.05,-0.01
1747090560822,2025-05-12T22:56:00.822000,6.822,0.21,0.18,-0.02
1747090560839,2025-05-12T22:56:00.839000,6.839,0.3,0.2,0.04
1747090560855,2025-05-12T22:56:00.855000,6.855,0.26,0.18,0.05
1747090560871,2025-05-12T22:56:00.871000,6.871,0.19,0.17,-0.0
1747090560889,2025-05-12T22:56:00.889000,6.889,0.11,0.09,-0.05
1747090560905,2025-05-12T22:56:00.905000,6.905,0.07,0.05,-0.05
1747090560922,2025-05-12T22:56:00.922000,6.922,0.15,-0.05,0.0
1747090560939,2025-05-12T22:56:00.939000,6.939,0.07,0.09,0.05
1747090560971,2025-05-12T22:56:00.971000,6.971,-0.2,0.26,0.07
1747090560989,2025-05-12T22:56:00.989000,6.989,-0.17,0.08,0.18
1747090561005,2025-05-12T22:56:01.005000,7.005,0.03,-0.03,0.17
1747090561039,2025-05-12T22:56:01.039000,7.039,0.01,0.16,0.13
1747090561055,2025-05-12T22:56:01.055000,7.055,0.04,0.11,0.16
1747090561071,2025-05-12T22:56:01.071000,7.071,0.12,0.03,0.15
1747090561089,2025-05-12T22:56:01.089000,7.089,0.14,0.13,0.14
1747090561105,2025-05-12T22:56:01.105000,7.105,0.13,0.21,0.16
1747090561122,2025-05-12T22:56:01.122000,7.122,0.34,0.19,0.2
1747090561139,2025-05-12T22:56:01.139000,7.139,0.47,0.06,0.27
1747090561155,2025-05-12T22:56:01.155000,7.155,0.37,0.11,0.24
1747090561172,2025-05-12T22:56:01.172000,7.172,0.24,0.23,0.18
1747090561189,2025-05-12T22:56:01.189000,7.189,0.21,0.28,0.12
1747090561205,2025-05-12T22:56:01.205000,7.205,0.3,0.2,0.11
1747090561222,2025-05-12T22:56:01.222000,7.222,0.26,0.15,0.09
1747090561239,2025-05-12T22:56:01.239000,7.239,0.11,0.16,0.07
1747090561255,2025-05-12T22:56:01.255000,7.255,-0.01,0.15,0.09
1747090561271,2025-05-12T22:56:01.271000,7.271,-0.0,0.09,0.11
1747090561289,2025-05-12T22:56:01.289000,7.289,0.08,-0.08,0.13
1747090561305,2025-05-12T22:56:01.305000,7.305,0.1,-0.13,0.12
1747090561322,2025-05-12T22:56:01.322000,7.322,0.08,-0.1,0.11
1747090561339,2025-05-12T22:56:01.339000,7.339,0.02,-0.1,0.08
1747090561355,2025-05-12T22:56:01.355000,7.355,0.0,-0.15,0.05
1747090561371,2025-05-12T22:56:01.371000,7.371,0.05,-0.18,0.0
1747090561389,2025-05-12T22:56:01.389000,7.389,0.07,-0.14,-0.05
1747090561405,2025-05-12T22:56:01.405000,7.405,0.1,-0.16,-0.05
1747090561422,2025-05-12T22:56:01.422000,7.422,0.1,-0.21,-0.06
1747090561439,2025-05-12T22:56:01.439000,7.439,0.03,-0.18,-0.08
1747090561455,2025-05-12T22:56:01.455000,7.455,-0.04,-0.09,-0.09
1747090561471,2025-05-12T22:56:01.471000,7.471,-0.06,-0.02,-0.07
1747090561489,2025-05-12T22:56:01.489000,7.489,-0.04,-0.07,-0.07
1747090561505,2025-05-12T22:56:01.505000,7.505,-0.03,-0.12,-0.08
1747090561522,2025-05-12T22:56:01.522000,7.522,-0.09,-0.15,-0.02
1747090561555,2025-05-12T22:56:01.555000,7.555,-0.14,-0.03,-0.05
1747090561571,2025-05-12T22:56:01.571000,7.571,-0.08,-0.08,-0.04
1747090561589,2025-05-12T22:56:01.589000,7.589,-0.06,-0.09,-0.03
1747090561605,2025-05-12T22:56:01.605000,7.605,-0.07,-0.11,-0.01
1747090561622,2025-05-12T22:56:01.622000,7.622,-0.1,-0.12,-0.0
1747090561639,2025-05-12T22:56:01.639000,7.639,-0.07,-0.16,0.02
1747090561655,2025-05-12T22:56:01.655000,7.655,-0.01,-0.18,0.03
1747090561672,2025-05-12T22:56:01.672000,7.672,0.03,-0.21,0.02
1747090561689,2025-05-12T22:56:01.689000,7.689,0.07,-0.24,-0.0
1747090561705,2025-05-12T22:56:01.705000,7.705,0.09,-0.24,-0.03
1747090561722,2025-05-12T22:56:01.722000,7.722,0.13,-0.28,-0.06
1747090561739,2025-05-12T22:56:01.739000,7.739,0.17,-0.32,-0.12
1747090561755,2025-05-12T22:56:01.755000,7.755,0.14,-0.43,-0.19
1747090561772,2025-05-12T22:56:01.772000,7.772,0.08,-0.41,-0.26
1747090561789,2025-05-12T22:56:01.789000,7.789,0.01,-0.3,-0.27
1747090561805,2025-05-12T22:56:01.805000,7.805,-0.11,-0.18,-0.26
1747090561822,2025-05-12T22:56:01.822000,7.822,-0.09,-0.18,-0.32
1747090561839,2025-05-12T22:56:01.839000,7.839,0.08,-0.32,-0.38
1747090561855,2025-05-12T22:56:01.855000,7.855,0.19,-0.46,-0.36
1747090561872,2025-05-12T22:56:01.872000,7.872,0.22,-0.48,-0.32
1747090561889,2025-05-12T22:56:01.889000,7.889,0.16,-0.35,-0.29
1747090561906,2025-05-12T22:56:01.906000,7.906,0.05,-0.29,-0.29
1747090561922,2025-05-12T22:56:01.922000,7.922,0.02,-0.31,-0.26
1747090561939,2025-05-12T22:56:01.939000,7.939,0.03,-0.44,-0.19
1747090561956,2025-05-12T22:56:01.956000,7.956,0.03,-0.49,-0.12
1747090561972,2025-05-12T22:56:01.972000,7.972,0.03,-0.42,-0.1
1747090561989,2025-05-12T22:56:01.989000,7.989,0.09,-0.13,0.0
1747090562006,2025-05-12T22:56:02.006000,8.006,0.13,0.28,0.15
1747090562022,2025-05-12T22:56:02.022000,8.022,0.14,0.63,0.07
1747090562039,2025-05-12T22:56:02.039000,8.039,0.05,0.45,-0.82
1747090562072,2025-05-12T22:56:02.072000,8.072,0.02,0.26,-0.88
1747090562089,2025-05-12T22:56:02.089000,8.089,0.34,0.27,0.07
1747090562106,2025-05-12T22:56:02.106000,8.106,0.27,0.28,0.11
1747090562139,2025-05-12T22:56:02.139000,8.139,0.02,-0.28,0.09
1747090562156,2025-05-12T22:56:02.156000,8.156,0.01,-0.36,0.16
1747090562172,2025-05-12T22:56:02.172000,8.172,0.13,-0.06,0.23
1747090562189,2025-05-12T22:56:02.189000,8.189,0.18,0.15,0.18
1747090562206,2025-05-12T22:56:02.206000,8.206,0.11,-0.04,0.08
1747090562222,2025-05-12T22:56:02.222000,8.222,0.07,-0.14,0.03
1747090562239,2025-05-12T22:56:02.239000,8.239,0.06,-0.02,0.08
1747090562256,2025-05-12T22:56:02.256000,8.256,0.11,0.12,0.2
1747090562272,2025-05-12T22:56:02.272000,8.272,0.16,0.12,0.26
1747090562289,2025-05-12T22:56:02.289000,8.289,0.06,0.01,0.29
1747090562306,2025-05-12T22:56:02.306000,8.306,0.05,-0.23,0.36
1747090562322,2025-05-12T22:56:02.322000,8.322,0.28,-0.51,0.3
1747090562339,2025-05-12T22:56:02.339000,8.339,0.51,-0.53,0.13
1747090562356,2025-05-12T22:56:02.356000,8.356,0.5,-0.35,-0.01
1747090562372,2025-05-12T22:56:02.372000,8.372,0.3,-0.24,-0.11
1747090562389,2025-05-12T22:56:02.389000,8.389,0.02,-0.05,-0.21
1747090562406,2025-05-12T22:56:02.406000,8.406,-0.17,0.1,-0.26
1747090562422,2025-05-12T22:56:02.422000,8.422,-0.18,0.22,-0.25
1747090562439,2025-05-12T22:56:02.439000,8.439,-0.13,0.13,-0.24
1747090562455,2025-05-12T22:56:02.455000,8.455,-0.12,-0.18,-0.25
1747090562472,2025-05-12T22:56:02.472000,8.472,-0.04,-0.37,-0.26
1747090562489,2025-05-12T22:56:02.489000,8.489,-0.02,-0.1,-0.2
1747090562506,2025-05-12T22:56:02.506000,8.506,-0.11,0.28,-0.14
1747090562522,2025-05-12T22:56:02.522000,8.522,-0.15,0.19,-0.11
1747090562539,2025-05-12T22:56:02.539000,8.539,-0.12,-0.13,-0.13
1747090562556,2025-05-12T22:56:02.556000,8.556,-0.23,0.06,-0.14
1747090562589,2025-05-12T22:56:02.589000,8.589,-0.25,0.17,-0.07
1747090562606,2025-05-12T22:56:02.606000,8.606,-0.25,-0.02,-0.22
1747090562622,2025-05-12T22:56:02.622000,8.622,-0.19,0.04,-0.22
1747090562656,2025-05-12T22:56:02.656000,8.656,0.02,-0.08,-0.08
1747090562672,2025-05-12T22:56:02.672000,8.672,0.07,-0.02,-0.21
1747090562689,2025-05-12T22:56:02.689000,8.689,0.0,0.06,-0.25
1747090562706,2025-05-12T22:56:02.706000,8.706,-0.01,0.06,-0.15
1747090562722,2025-05-12T22:56:02.722000,8.722,0.01,-0.08,-0.01
1747090562739,2025-05-12T22:56:02.739000,8.739,0.1,-0.28,0.04
1747090562756,2025-05-12T22:56:02.756000,8.756,0.17,-0.31,0.05
1747090562771,2025-05-12T22:56:02.771000,8.771,0.08,-0.14,0.03
1747090562788,2025-05-12T22:56:02.788000,8.788,-0.08,0.05,0.01
1747090562806,2025-05-12T22:56:02.806000,8.806,-0.23,0.18,-0.03
1747090562822,2025-05-12T22:56:02.822000,8.822,-0.29,0.22,-0.07
1747090562839,2025-05-12T22:56:02.839000,8.839,-0.21,0.22,-0.01
1747090562856,2025-05-12T22:56:02.856000,8.856,-0.17,0.26,0.06
1747090562872,2025-05-12T22:56:02.872000,8.872,-0.25,0.3,0.12
1747090562889,2025-05-12T22:56:02.889000,8.889,-0.36,0.26,0.2
1747090562906,2025-05-12T22:56:02.906000,8.906,-0.42,0.15,0.22
1747090562922,2025-05-12T22:56:02.922000,8.922,-0.39,-0.01,0.23
1747090562939,2025-05-12T22:56:02.939000,8.939,-0.31,-0.11,0.24
1747090562955,2025-05-12T22:56:02.955000,8.955,-0.25,-0.13,0.21
1747090562972,2025-05-12T22:56:02.972000,8.972,-0.21,-0.15,0.16
1747090562989,2025-05-12T22:56:02.989000,8.989,-0.11,-0.27,0.09
1747090563006,2025-05-12T22:56:03.006000,9.006,-0.01,-0.37,0.05
1747090563022,2025-05-12T22:56:03.022000,9.022,-0.02,-0.31,0.04
1747090563039,2025-05-12T22:56:03.039000,9.039,-0.02,-0.04,0.04
1747090563056,2025-05-12T22:56:03.056000,9.056,0.01,0.11,0.05
1747090563072,2025-05-12T22:56:03.072000,9.072,-0.01,0.13,0.02
1747090563089,2025-05-12T22:56:03.089000,9.089,0.08,0.08,-0.03
1747090563105,2025-05-12T22:56:03.105000,9.105,0.17,-0.01,0.01
1747090563122,2025-05-12T22:56:03.122000,9.122,0.09,-0.18,0.05
1747090563139,2025-05-12T22:56:03.139000,9.139,0.09,-0.25,0.17
1747090563172,2025-05-12T22:56:03.172000,9.172,0.21,-0.17,0.16
1747090563189,2025-05-12T22:56:03.189000,9.189,0.15,-0.22,0.14
1747090563206,2025-05-12T22:56:03.206000,9.206,0.02,-0.28,0.19
1747090563222,2025-05-12T22:56:03.222000,9.222,0.01,-0.14,0.14
1747090563239,2025-05-12T22:56:03.239000,9.239,0.08,0.17,-0.03
1747090563256,2025-05-12T22:56:03.256000,9.256,-0.01,0.39,-0.12
1747090563272,2025-05-12T22:56:03.272000,9.272,-0.2,0.51,-0.06
1747090563289,2025-05-12T22:56:03.289000,9.289,-0.29,0.74,0.11
1747090563306,2025-05-12T22:56:03.306000,9.306,-0.22,0.89,0.13
1747090563322,2025-05-12T22:56:03.322000,9.322,-0.11,0.91,0.06
1747090563339,2025-05-12T22:56:03.339000,9.339,-0.09,0.74,0.07
1747090563351,2025-05-12T22:56:03.351000,9.351,-0.06,0.51,0.11
1747090563356,2025-05-12T22:56:03.356000,9.356,-0.06,0.51,0.11
1747090563366,2025-05-12T22:56:03.366000,9.366,0.04,0.32,0.13
1747090563372,2025-05-12T22:56:03.372000,9.372,0.04,0.32,0.13
1747090563381,2025-05-12T22:56:03.381000,9.381,0.14,0.19,0.19
1747090563389,2025-05-12T22:56:03.389000,9.389,0.14,0.19,0.19
1747090563396,2025-05-12T22:56:03.396000,9.396,0.25,0.02,0.28
1747090563406,2025-05-12T22:56:03.406000,9.406,0.25,0.02,0.28
1747090563416,2025-05-12T22:56:03.416000,9.416,0.44,-0.08,0.35
1747090563422,2025-05-12T22:56:03.422000,9.422,0.44,-0.08,0.35
1747090563431,2025-05-12T22:56:03.431000,9.431,0.61,-0.17,0.37
1747090563439,2025-05-12T22:56:03.439000,9.439,0.61,-0.17,0.37
1747090563446,2025-05-12T22:56:03.446000,9.446,0.68,-0.2,0.31
1747090563456,2025-05-12T22:56:03.456000,9.456,0.68,-0.2,0.31
1747090563461,2025-05-12T22:56:03.461000,9.461,0.64,-0.23,0.21
1747090563472,2025-05-12T22:56:03.472000,9.472,0.64,-0.23,0.21
1747090563481,2025-05-12T22:56:03.481000,9.481,0.53,-0.22,0.11
1747090563489,2025-05-12T22:56:03.489000,9.489,0.53,-0.22,0.11
1747090563496,2025-05-12T22:56:03.496000,9.496,0.39,-0.06,0.05
1747090563506,2025-05-12T22:56:03.506000,9.506,0.39,-0.06,0.05
1747090563510,2025-05-12T22:56:03.510000,9.51,0.25,0.11,0.1
1747090563522,2025-05-12T22:56:03.522000,9.522,0.25,0.11,0.1
1747090563525,2025-05-12T22:56:03.525000,9.525,0.15,0.07,0.23
1747090563539,2025-05-12T22:56:03.539000,9.539,0.15,0.07,0.23
1747090563545,2025-05-12T22:56:03.545000,9.545,0.29,-0.44,0.39
1747090563556,2025-05-12T22:56:03.556000,9.556,0.29,-0.44,0.39
1747090563560,2025-05-12T22:56:03.560000,9.56,0.6,-1.3,0.4
1747090563572,2025-05-12T22:56:03.572000,9.572,0.6,-1.3,0.4
1747090563575,2025-05-12T22:56:03.575000,9.575,0.78,-2.49,0.26
1747090563589,2025-05-12T22:56:03.589000,9.589,0.78,-2.49,0.26
1747090563590,2025-05-12T22:56:03.590000,9.59,0.7,-2.63,0.13
1747090563606,2025-05-12T22:56:03.606000,9.606,0.7,-2.63,0.13
1747090563610,2025-05-12T22:56:03.610000,9.61,0.33,-1.48,0.28
1747090563622,2025-05-12T22:56:03.622000,9.622,0.33,-1.48,0.28
1747090563625,2025-05-12T22:56:03.625000,9.625,0.25,-0.35,0.6
1747090563639,2025-05-12T22:56:03.639000,9.639,0.25,-0.35,0.6
1747090563640,2025-05-12T22:56:03.640000,9.64,0.5,-0.23,0.9
1747090563655,2025-05-12T22:56:03.655000,9.655,0.61,-0.52,0.77
1747090563656,2025-05-12T22:56:03.656000,9.656,0.61,-0.52,0.77
1747090563675,2025-05-12T22:56:03.675000,9.675,0.67,-0.39,0.71
1747090563689,2025-05-12T22:56:03.689000,9.689,0.67,-0.39,0.71
1747090563689,2025-05-12T22:56:03.689000,9.689,0.84,-1.0,0.57
1747090563704,2025-05-12T22:56:03.704000,9.704,1.05,-0.72,0.46
1747090563706,2025-05-12T22:56:03.706000,9.706,1.05,-0.72,0.46
1747090563720,2025-05-12T22:56:03.720000,9.72,1.15,-0.11,0.61
1747090563722,2025-05-12T22:56:03.722000,9.722,1.15,-0.11,0.61
1747090563739,2025-05-12T22:56:03.739000,9.739,1.2,0.03,0.8
1747090563754,2025-05-12T22:56:03.754000,9.754,1.01,-0.17,0.84
1747090563756,2025-05-12T22:56:03.756000,9.756,1.01,-0.17,0.84
1747090563769,2025-05-12T22:56:03.769000,9.769,0.74,-0.77,0.75
1747090563772,2025-05-12T22:56:03.772000,9.772,0.74,-0.77,0.75
1747090563784,2025-05-12T22:56:03.784000,9.784,0.71,-0.96,0.53
1747090563789,2025-05-12T22:56:03.789000,9.789,0.71,-0.96,0.53
1747090563804,2025-05-12T22:56:03.804000,9.804,0.87,-0.85,0.29
1747090563806,2025-05-12T22:56:03.806000,9.806,0.87,-0.85,0.29
1747090563819,2025-05-12T22:56:03.819000,9.819,1.11,-0.87,-0.01
1747090563822,2025-05-12T22:56:03.822000,9.822,1.11,-0.87,-0.01
1747090563834,2025-05-12T22:56:03.834000,9.834,1.27,-1.0,-0.24
1747090563839,2025-05-12T22:56:03.839000,9.839,1.27,-1.0,-0.24
1747090563849,2025-05-12T22:56:03.849000,9.849,1.21,-1.36,-0.48
1747090563856,2025-05-12T22:56:03.856000,9.856,1.21,-1.36,-0.48
1747090563869,2025-05-12T22:56:03.869000,9.869,1.06,-1.46,-0.65
1747090563872,2025-05-12T22:56:03.872000,9.872,1.06,-1.46,-0.65
1747090563883,2025-05-12T22:56:03.883000,9.883,1.0,-1.41,-0.74
1747090563889,2025-05-12T22:56:03.889000,9.889,1.0,-1.41,-0.74
1747090563899,2025-05-12T22:56:03.899000,9.899,1.08,-0.84,-0.66
1747090563906,2025-05-12T22:56:03.906000,9.906,1.08,-0.84,-0.66
1747090563914,2025-05-12T22:56:03.914000,9.914,1.18,-0.77,-0.65
1747090563922,2025-05-12T22:56:03.922000,9.922,1.18,-0.77,-0.65
1747090563933,2025-05-12T22:56:03.933000,9.933,1.1,-0.98,-0.7
1747090563939,2025-05-12T22:56:03.939000,9.939,1.1,-0.98,-0.7
1747090563948,2025-05-12T22:56:03.948000,9.948,0.88,-0.91,-0.57
1747090563956,2025-05-12T22:56:03.956000,9.956,0.88,-0.91,-0.57
1747090563963,2025-05-12T22:56:03.963000,9.963,0.7,-0.61,-0.49
1747090563972,2025-05-12T22:56:03.972000,9.972,0.7,-0.61,-0.49
1747090563978,2025-05-12T22:56:03.978000,9.978,0.63,-0.0,-0.4
1747090563988,2025-05-12T22:56:03.988000,9.988,0.63,-0.0,-0.4
1747090563998,2025-05-12T22:56:03.998000,9.998,0.59,0.44,-0.24
1747090564006,2025-05-12T22:56:04.006000,10.006,0.59,0.44,-0.24
1747090564013,2025-05-12T22:56:04.013000,10.013,0.5,0.47,-0.12
1747090564023,2025-05-12T22:56:04.023000,10.023,0.5,0.47,-0.12
1747090564028,2025-05-12T22:56:04.028000,10.028,0.4,0.08,-0.1
1747090564039,2025-05-12T22:56:04.039000,10.039,0.4,0.08,-0.1
1747090564043,2025-05-12T22:56:04.043000,10.043,0.31,-0.43,-0.17
1747090564056,2025-05-12T22:56:04.056000,10.056,0.31,-0.43,-0.17
1747090564063,2025-05-12T22:56:04.063000,10.063,0.31,-0.74,-0.2
1747090564072,2025-05-12T22:56:04.072000,10.072,0.31,-0.74,-0.2
1747090564078,2025-05-12T22:56:04.078000,10.078,0.31,-0.45,-0.14
1747090564089,2025-05-12T22:56:04.089000,10.089,0.31,-0.45,-0.14
1747090564093,2025-05-12T22:56:04.093000,10.093,0.32,-0.0,-0.06
1747090564106,2025-05-12T22:56:04.106000,10.106,0.32,-0.0,-0.06
1747090564108,2025-05-12T22:56:04.108000,10.108,0.26,0.13,-0.13
1747090564123,2025-05-12T22:56:04.123000,10.123,0.26,0.13,-0.13
1747090564127,2025-05-12T22:56:04.127000,10.127,0.15,-0.12,-0.2
1747090564139,2025-05-12T22:56:04.139000,10.139,0.15,-0.12,-0.2
1747090564142,2025-05-12T22:56:04.142000,10.142,0.16,-0.37,-0.25
1747090564156,2025-05-12T22:56:04.156000,10.156,0.16,-0.37,-0.25
1747090564157,2025-05-12T22:56:04.157000,10.157,0.33,-0.53,-0.26
1747090564172,2025-05-12T22:56:04.172000,10.172,0.33,-0.53,-0.26
1747090564172,2025-05-12T22:56:04.172000,10.172,0.48,-0.53,-0.21
1747090564189,2025-05-12T22:56:04.189000,10.189,0.48,-0.53,-0.21
1747090564192,2025-05-12T22:56:04.192000,10.192,0.46,-0.58,-0.14
1747090564206,2025-05-12T22:56:04.206000,10.206,0.46,-0.58,-0.14
1747090564207,2025-05-12T22:56:04.207000,10.207,0.19,-0.71,-0.09
1747090564222,2025-05-12T22:56:04.222000,10.222,-0.06,-0.72,0.02
1747090564222,2025-05-12T22:56:04.222000,10.222,-0.06,-0.72,0.02
1747090564237,2025-05-12T22:56:04.237000,10.237,-0.04,-0.51,0.11
1747090564239,2025-05-12T22:56:04.239000,10.239,-0.04,-0.51,0.11
1747090564257,2025-05-12T22:56:04.257000,10.257,0.07,-0.34,0.01
1747090564272,2025-05-12T22:56:04.272000,10.272,0.17,-0.45,-0.05
1747090564272,2025-05-12T22:56:04.272000,10.272,0.17,-0.45,-0.05
1747090564287,2025-05-12T22:56:04.287000,10.287,0.28,-0.38,-0.01
1747090564289,2025-05-12T22:56:04.289000,10.289,0.28,-0.38,-0.01
1747090564301,2025-05-12T22:56:04.301000,10.301,0.32,-0.17,0.06
1747090564305,2025-05-12T22:56:04.305000,10.305,0.32,-0.17,0.06
1747090564321,2025-05-12T22:56:04.321000,10.321,-0.02,-0.13,-0.0
1747090564323,2025-05-12T22:56:04.323000,10.323,-0.02,-0.13,-0.0
1747090564336,2025-05-12T22:56:04.336000,10.336,-0.18,0.05,-0.1
1747090564339,2025-05-12T22:56:04.339000,10.339,-0.18,0.05,-0.1
