epoch (ms),time (01:00),elapsed (s),x-axis (g),y-axis (g),z-axis (g)
1747090554000,2025-05-12T22:55:54.000000,0.0,-0.28,-0.14,-0.53
1747090554010,2025-05-12T22:55:54.010000,0.01,-0.24,-0.03,-0.22
1747090554020,2025-05-12T22:55:54.020000,0.02,-0.11,0.09,-0.01
1747090554030,2025-05-12T22:55:54.030000,0.03,-0.01,0.2,0.11
1747090554040,2025-05-12T22:55:54.040000,0.04,0.05,0.25,0.21
1747090554050,2025-05-12T22:55:54.050000,0.05,0.11,0.23,0.19
1747090554060,2025-05-12T22:55:54.060000,0.06,0.18,0.2,0.1
1747090554070,2025-05-12T22:55:54.070000,0.07,0.23,0.14,-0.02
1747090554080,2025-05-12T22:55:54.080000,0.08,0.3,0.1,-0.17
1747090554090,2025-05-12T22:55:54.090000,0.09,0.4,0.13,-0.24
1747090554100,2025-05-12T22:55:54.100000,0.1,0.46,0.17,-0.24
1747090554110,2025-05-12T22:55:54.110000,0.11,0.46,0.13,-0.1
1747090554119,2025-05-12T22:55:54.119000,0.119,0.43,0.05,0.01
1747090554129,2025-05-12T22:55:54.129000,0.129,0.39,0.02,0.0
1747090554139,2025-05-12T22:55:54.139000,0.139,0.33,0.04,-0.02
1747090554150,2025-05-12T22:55:54.150000,0.15,0.26,0.04,0.02
1747090554159,2025-05-12T22:55:54.159000,0.159,0.29,0.05,0.06
1747090554169,2025-05-12T22:55:54.169000,0.169,0.33,0.06,0.03
1747090554179,2025-05-12T22:55:54.179000,0.179,0.28,0.02,0.01
1747090554189,2025-05-12T22:55:54.189000,0.189,0.2,-0.02,-0.01
1747090554199,2025-05-12T22:55:54.199000,0.199,0.19,-0.02,-0.07
1747090554209,2025-05-12T22:55:54.209000,0.209,0.18,0.02,-0.08
1747090554219,2025-05-12T22:55:54.219000,0.219,0.19,0.08,-0.08
1747090554229,2025-05-12T22:55:54.229000,0.229,0.14,0.07,-0.03
1747090554239,2025-05-12T22:55:54.239000,0.239,0.12,0.04,-0.03
1747090554249,2025-05-12T22:55:54.249000,0.249,0.16,0.01,-0.02
1747090554259,2025-05-12T22:55:54.259000,0.259,0.21,-0.08,0.13
1747090554269,2025-05-12T22:55:54.269000,0.269,0.21,-0.22,0.15
1747090554279,2025-05-12T22:55:54.279000,0.279,0.24,-0.28,0.03
1747090554289,2025-05-12T22:55:54.289000,0.289,0.28,-0.2,-0.14
1747090554299,2025-05-12T22:55:54.299000,0.299,0.24,-0.05,-0.21
1747090554309,2025-05-12T22:55:54.309000,0.309,0.14,0.07,-0.24
1747090554318,2025-05-12T22:55:54.318000,0.318,0.08,0.07,-0.21
1747090554328,2025-05-12T22:55:54.328000,0.328,0.07,-0.04,-0.17
1747090554339,2025-05-12T22:55:54.339000,0.339,0.09,-0.15,-0.17
1747090554348,2025-05-12T22:55:54.348000,0.348,0.14,-0.19,-0.16
1747090554358,2025-05-12T22:55:54.358000,0.358,0.11,-0.21,-0.21
1747090554368,2025-05-12T22:55:54.368000,0.368,0.02,-0.19,-0.21
1747090554378,2025-05-12T22:55:54.378000,0.378,-0.03,-0.15,-0.3
1747090554388,2025-05-12T22:55:54.388000,0.388,0.01,-0.08,-0.36
1747090554398,2025-05-12T22:55:54.398000,0.398,-0.01,-0.02,-0.45
1747090554408,2025-05-12T22:55:54.408000,0.408,-0.1,-0.04,-0.41
1747090554418,2025-05-12T22:55:54.418000,0.418,-0.17,-0.11,-0.3
1747090554428,2025-05-12T22:55:54.428000,0.428,-0.18,-0.18,-0.25
1747090554438,2025-05-12T22:55:54.438000,0.438,-0.14,-0.2,-0.37
1747090554448,2025-05-12T22:55:54.448000,0.448,-0.17,-0.21,-0.36
1747090554458,2025-05-12T22:55:54.458000,0.458,-0.2,-0.22,-0.23
1747090554468,2025-05-12T22:55:54.468000,0.468,-0.19,-0.24,-0.11
1747090554478,2025-05-12T22:55:54.478000,0.478,-0.16,-0.22,-0.15
1747090554488,2025-05-12T22:55:54.488000,0.488,-0.15,-0.18,-0.12
1747090554498,2025-05-12T22:55:54.498000,0.498,-0.12,-0.11,-0.07
1747090554508,2025-05-12T22:55:54.508000,0.508,-0.07,-0.04,-0.13
1747090554517,2025-05-12T22:55:54.517000,0.517,-0.04,-0.0,-0.2
1747090554528,2025-05-12T22:55:54.528000,0.528,-0.02,0.01,-0.25
1747090554537,2025-05-12T22:55:54.537000,0.537,-0.0,0.04,-0.24
1747090554547,2025-05-12T22:55:54.547000,0.547,0.05,0.06,-0.16
1747090554557,2025-05-12T22:55:54.557000,0.557,0.14,0.09,-0.15
1747090554567,2025-05-12T22:55:54.567000,0.567,0.25,0.1,-0.09
1747090554577,2025-05-12T22:55:54.577000,0.577,0.28,0.11,-0.08
1747090554587,2025-05-12T22:55:54.587000,0.587,0.32,0.12,-0.03
1747090554597,2025-05-12T22:55:54.597000,0.597,0.34,0.16,0.05
1747090554607,2025-05-12T22:55:54.607000,0.607,0.36,0.19,0.12
1747090554617,2025-05-12T22:55:54.617000,0.617,0.35,0.21,0.1
1747090554627,2025-05-12T22:55:54.627000,0.627,0.28,0.18,0.07
1747090554637,2025-05-12T22:55:54.637000,0.637,0.23,0.14,0.11
1747090554647,2025-05-12T22:55:54.647000,0.647,0.19,0.09,0.08
1747090554657,2025-05-12T22:55:54.657000,0.657,0.19,0.01,0.1
1747090554667,2025-05-12T22:55:54.667000,0.667,0.22,-0.03,0.12
1747090554677,2025-05-12T22:55:54.677000,0.677,0.25,-0.04,0.17
1747090554686,2025-05-12T22:55:54.686000,0.686,0.2,-0.04,0.18
1747090554696,2025-05-12T22:55:54.696000,0.696,0.13,-0.02,0.12
1747090554707,2025-05-12T22:55:54.707000,0.707,0.15,0.03,0.13
1747090554716,2025-05-12T22:55:54.716000,0.716,0.19,0.07,0.06
1747090554726,2025-05-12T22:55:54.726000,0.726,0.2,0.1,0.03
1747090554736,2025-05-12T22:55:54.736000,0.736,0.2,0.08,0.02
1747090554746,2025-05-12T22:55:54.746000,0.746,0.18,-0.02,0.06
1747090554756,2025-05-12T22:55:54.756000,0.756,0.16,-0.13,0.02
1747090554766,2025-05-12T22:55:54.766000,0.766,0.15,-0.14,-0.07
1747090554776,2025-05-12T22:55:54.776000,0.776,0.19,-0.12,-0.13
1747090554786,2025-05-12T22:55:54.786000,0.786,0.19,-0.1,-0.19
1747090554796,2025-05-12T22:55:54.796000,0.796,0.14,-0.08,-0.15
1747090554806,2025-05-12T22:55:54.806000,0.806,0.17,-0.04,-0.17
1747090554816,2025-05-12T22:55:54.816000,0.816,0.21,0.01,-0.19
1747090554826,2025-05-12T22:55:54.826000,0.826,0.25,0.07,-0.22
1747090554836,2025-05-12T22:55:54.836000,0.836,0.27,0.09,-0.2
1747090554846,2025-05-12T22:55:54.846000,0.846,0.29,0.01,-0.1
1747090554856,2025-05-12T22:55:54.856000,0.856,0.28,-0.11,-0.06
1747090554866,2025-05-12T22:55:54.866000,0.866,0.26,-0.19,-0.06
1747090554876,2025-05-12T22:55:54.876000,0.876,0.23,-0.16,-0.08
1747090554886,2025-05-12T22:55:54.886000,0.886,0.2,-0.09,-0.05
1747090554896,2025-05-12T22:55:54.896000,0.896,0.2,-0.07,0.01
1747090554906,2025-05-12T22:55:54.906000,0.906,0.23,-0.09,0.05
1747090554916,2025-05-12T22:55:54.916000,0.916,0.25,-0.13,0.07
1747090554925,2025-05-12T22:55:54.925000,0.925,0.27,-0.16,0.09
1747090554935,2025-05-12T22:55:54.935000,0.935,0.26,-0.1,0.03
1747090554945,2025-05-12T22:55:54.945000,0.945,0.26,0.0,-0.05
1747090554955,2025-05-12T22:55:54.955000,0.955,0.24,0.12,-0.13
1747090554965,2025-05-12T22:55:54.965000,0.965,0.22,0.13,-0.14
1747090554975,2025-05-12T22:55:54.975000,0.975,0.23,0.12,-0.11
1747090554985,2025-05-12T22:55:54.985000,0.985,0.3,0.08,-0.06
1747090554995,2025-05-12T22:55:54.995000,0.995,0.35,0.05,-0.01
1747090555005,2025-05-12T22:55:55.005000,1.005,0.33,0.03,0.08
1747090555015,2025-05-12T22:55:55.015000,1.015,0.31,0.04,0.12
1747090555025,2025-05-12T22:55:55.025000,1.025,0.29,0.03,0.13
1747090555035,2025-05-12T22:55:55.035000,1.035,0.26,-0.0,0.1
1747090555045,2025-05-12T22:55:55.045000,1.045,0.24,-0.04,0.1
1747090555055,2025-05-12T22:55:55.055000,1.055,0.27,-0.04,0.12
1747090555065,2025-05-12T22:55:55.065000,1.065,0.3,0.0,0.12
1747090555075,2025-05-12T22:55:55.075000,1.075,0.32,0.05,0.22
1747090555085,2025-05-12T22:55:55.085000,1.085,0.36,0.05,0.38
1747090555095,2025-05-12T22:55:55.095000,1.095,0.36,-0.03,0.45
1747090555105,2025-05-12T22:55:55.105000,1.105,0.31,-0.15,0.43
1747090555114,2025-05-12T22:55:55.114000,1.114,0.26,-0.17,0.38
1747090555125,2025-05-12T22:55:55.125000,1.125,0.24,-0.11,0.34
1747090555134,2025-05-12T22:55:55.134000,1.134,0.26,-0.05,0.36
1747090555144,2025-05-12T22:55:55.144000,1.144,0.28,-0.06,0.39
1747090555154,2025-05-12T22:55:55.154000,1.154,0.28,-0.1,0.36
1747090555164,2025-05-12T22:55:55.164000,1.164,0.21,-0.1,0.34
1747090555174,2025-05-12T22:55:55.174000,1.174,0.15,-0.08,0.39
1747090555184,2025-05-12T22:55:55.184000,1.184,0.06,-0.04,0.4
1747090555194,2025-05-12T22:55:55.194000,1.194,0.02,-0.0,0.41
1747090555204,2025-05-12T22:55:55.204000,1.204,0.15,0.08,0.37
1747090555214,2025-05-12T22:55:55.214000,1.214,0.31,0.19,0.3
1747090555224,2025-05-12T22:55:55.224000,1.224,0.32,0.23,0.35
1747090555234,2025-05-12T22:55:55.234000,1.234,0.22,0.15,0.57
1747090555244,2025-05-12T22:55:55.244000,1.244,0.13,0.03,0.65
1747090555254,2025-05-12T22:55:55.254000,1.254,0.04,-0.11,0.63
1747090555263,2025-05-12T22:55:55.263000,1.263,-0.03,-0.18,0.46
1747090555274,2025-05-12T22:55:55.274000,1.274,-0.17,-0.19,0.28
1747090555284,2025-05-12T22:55:55.284000,1.284,-0.32,-0.16,0.18
1747090555294,2025-05-12T22:55:55.294000,1.294,-0.4,-0.14,0.13
1747090555303,2025-05-12T22:55:55.303000,1.303,-0.41,-0.07,0.01
1747090555313,2025-05-12T22:55:55.313000,1.313,-0.34,-0.03,0.02
1747090555324,2025-05-12T22:55:55.324000,1.324,-0.21,-0.07,0.05
1747090555333,2025-05-12T22:55:55.333000,1.333,-0.07,-0.15,-0.01
1747090555343,2025-05-12T22:55:55.343000,1.343,0.09,-0.22,-0.08
1747090555353,2025-05-12T22:55:55.353000,1.353,0.25,-0.22,-0.14
1747090555363,2025-05-12T22:55:55.363000,1.363,0.33,-0.11,-0.13
1747090555373,2025-05-12T22:55:55.373000,1.373,0.36,-0.04,-0.02
1747090555383,2025-05-12T22:55:55.383000,1.383,0.34,-0.02,0.08
1747090555393,2025-05-12T22:55:55.393000,1.393,0.37,-0.05,0.15
1747090555403,2025-05-12T22:55:55.403000,1.403,0.44,-0.15,0.16
1747090555413,2025-05-12T22:55:55.413000,1.413,0.46,-0.25,0.17
1747090555423,2025-05-12T22:55:55.423000,1.423,0.45,-0.26,0.19
1747090555433,2025-05-12T22:55:55.433000,1.433,0.43,-0.21,0.19
1747090555443,2025-05-12T22:55:55.443000,1.443,0.42,-0.13,0.07
1747090555453,2025-05-12T22:55:55.453000,1.453,0.46,-0.07,-0.09
1747090555463,2025-05-12T22:55:55.463000,1.463,0.53,-0.05,-0.15
1747090555473,2025-05-12T22:55:55.473000,1.473,0.55,-0.11,-0.08
1747090555483,2025-05-12T22:55:55.483000,1.483,0.55,-0.23,-0.04
1747090555493,2025-05-12T22:55:55.493000,1.493,0.51,-0.38,-0.03
1747090555502,2025-05-12T22:55:55.502000,1.502,0.41,-0.52,-0.02
1747090555513,2025-05-12T22:55:55.513000,1.513,0.29,-0.61,-0.02
1747090555522,2025-05-12T22:55:55.522000,1.522,0.19,-0.72,-0.03
1747090555532,2025-05-12T22:55:55.532000,1.532,0.12,-0.8,-0.01
1747090555542,2025-05-12T22:55:55.542000,1.542,0.12,-0.85,-0.07
1747090555552,2025-05-12T22:55:55.552000,1.552,0.1,-0.82,-0.08
1747090555562,2025-05-12T22:55:55.562000,1.562,0.08,-0.75,-0.06
1747090555572,2025-05-12T22:55:55.572000,1.572,0.02,-0.72,-0.04
1747090555582,2025-05-12T22:55:55.582000,1.582,-0.12,-0.78,0.07
1747090555592,2025-05-12T22:55:55.592000,1.592,-0.27,-0.89,0.15
1747090555602,2025-05-12T22:55:55.602000,1.602,-0.35,-1.0,0.16
1747090555612,2025-05-12T22:55:55.612000,1.612,-0.35,-1.07,0.12
1747090555622,2025-05-12T22:55:55.622000,1.622,-0.28,-1.12,0.06
1747090555632,2025-05-12T22:55:55.632000,1.632,-0.25,-1.05,0.07
1747090555642,2025-05-12T22:55:55.642000,1.642,-0.16,-0.84,-0.04
1747090555652,2025-05-12T22:55:55.652000,1.652,0.06,-0.51,-0.2
1747090555662,2025-05-12T22:55:55.662000,1.662,0.31,-0.27,-0.25
1747090555672,2025-05-12T22:55:55.672000,1.672,0.43,-0.15,-0.16
1747090555682,2025-05-12T22:55:55.682000,1.682,0.36,-0.23,-0.04
1747090555692,2025-05-12T22:55:55.692000,1.692,0.35,-0.35,-0.09
1747090555701,2025-05-12T22:55:55.701000,1.701,0.49,-0.41,-0.22
1747090555711,2025-05-12T22:55:55.711000,1.711,0.7,-0.37,-0.41
1747090555721,2025-05-12T22:55:55.721000,1.721,0.83,-0.3,-0.49
1747090555731,2025-05-12T22:55:55.731000,1.731,0.95,-0.24,-0.47
1747090555741,2025-05-12T22:55:55.741000,1.741,1.01,-0.24,-0.3
1747090555751,2025-05-12T22:55:55.751000,1.751,0.99,-0.27,-0.15
1747090555761,2025-05-12T22:55:55.761000,1.761,0.84,-0.32,-0.21
1747090555771,2025-05-12T22:55:55.771000,1.771,0.73,-0.28,-0.36
1747090555781,2025-05-12T22:55:55.781000,1.781,0.69,-0.15,-0.55
1747090555791,2025-05-12T22:55:55.791000,1.791,0.64,-0.02,-0.67
1747090555801,2025-05-12T22:55:55.801000,1.801,0.6,0.03,-0.78
1747090555811,2025-05-12T22:55:55.811000,1.811,0.54,-0.06,-0.86
1747090555821,2025-05-12T22:55:55.821000,1.821,0.49,-0.3,-0.77
1747090555831,2025-05-12T22:55:55.831000,1.831,0.46,-0.52,-0.68
1747090555841,2025-05-12T22:55:55.841000,1.841,0.46,-0.58,-0.64
1747090555851,2025-05-12T22:55:55.851000,1.851,0.45,-0.51,-0.6
1747090555861,2025-05-12T22:55:55.861000,1.861,0.46,-0.34,-0.53
1747090555871,2025-05-12T22:55:55.871000,1.871,0.47,-0.11,-0.52
1747090555880,2025-05-12T22:55:55.880000,1.88,0.55,0.15,-0.57
1747090555890,2025-05-12T22:55:55.890000,1.89,0.63,0.39,-0.74
1747090555900,2025-05-12T22:55:55.900000,1.9,0.67,0.59,-0.97
1747090555911,2025-05-12T22:55:55.911000,1.911,0.59,0.73,-1.18
1747090555920,2025-05-12T22:55:55.920000,1.92,0.44,0.79,-1.23
1747090555930,2025-05-12T22:55:55.930000,1.93,0.29,0.85,-1.33
1747090555940,2025-05-12T22:55:55.940000,1.94,0.19,0.87,-1.54
1747090555950,2025-05-12T22:55:55.950000,1.95,0.18,0.92,-1.74
1747090555960,2025-05-12T22:55:55.960000,1.96,0.26,0.98,-1.78
1747090555970,2025-05-12T22:55:55.970000,1.97,0.37,1.0,-1.69
1747090555980,2025-05-12T22:55:55.980000,1.98,0.43,0.96,-1.5
1747090555990,2025-05-12T22:55:55.990000,1.99,0.47,0.81,-1.29
1747090556000,2025-05-12T22:55:56.000000,2.0,0.44,0.65,-1.07
1747090556010,2025-05-12T22:55:56.010000,2.01,0.39,0.48,-0.82
1747090556020,2025-05-12T22:55:56.020000,2.02,0.31,0.4,-0.52
1747090556030,2025-05-12T22:55:56.030000,2.03,0.24,0.36,-0.34
1747090556040,2025-05-12T22:55:56.040000,2.04,0.23,0.41,-0.32
1747090556050,2025-05-12T22:55:56.050000,2.05,0.33,0.48,-0.38
1747090556060,2025-05-12T22:55:56.060000,2.06,0.5,0.56,-0.42
1747090556070,2025-05-12T22:55:56.070000,2.07,0.65,0.63,-0.39
1747090556080,2025-05-12T22:55:56.080000,2.08,0.75,0.65,-0.33
1747090556090,2025-05-12T22:55:56.090000,2.09,0.75,0.63,-0.24
1747090556099,2025-05-12T22:55:56.099000,2.099,0.65,0.56,-0.06
1747090556109,2025-05-12T22:55:56.109000,2.109,0.48,0.44,0.27
1747090556119,2025-05-12T22:55:56.119000,2.119,0.24,0.29,0.5
1747090556129,2025-05-12T22:55:56.129000,2.129,0.06,0.15,0.39
1747090556139,2025-05-12T22:55:56.139000,2.139,-0.04,0.07,0.2
1747090556149,2025-05-12T22:55:56.149000,2.149,-0.05,0.1,0.03
1747090556159,2025-05-12T22:55:56.159000,2.159,-0.07,0.16,0.05
1747090556169,2025-05-12T22:55:56.169000,2.169,-0.16,0.22,0.32
1747090556179,2025-05-12T22:55:56.179000,2.179,-0.29,0.23,0.68
1747090556189,2025-05-12T22:55:56.189000,2.189,-0.43,0.18,0.99
1747090556199,2025-05-12T22:55:56.199000,2.199,-0.57,0.13,1.14
1747090556209,2025-05-12T22:55:56.209000,2.209,-0.71,0.05,1.14
1747090556219,2025-05-12T22:55:56.219000,2.219,-0.81,-0.07,1.1
1747090556229,2025-05-12T22:55:56.229000,2.229,-0.87,-0.15,0.97
1747090556239,2025-05-12T22:55:56.239000,2.239,-0.82,-0.2,0.74
1747090556249,2025-05-12T22:55:56.249000,2.249,-0.68,-0.22,0.64
1747090556259,2025-05-12T22:55:56.259000,2.259,-0.56,-0.28,0.55
1747090556269,2025-05-12T22:55:56.269000,2.269,-0.46,-0.31,0.39
1747090556279,2025-05-12T22:55:56.279000,2.279,-0.35,-0.29,0.33
1747090556288,2025-05-12T22:55:56.288000,2.288,-0.19,-0.18,0.4
1747090556298,2025-05-12T22:55:56.298000,2.298,-0.06,-0.06,0.58
1747090556308,2025-05-12T22:55:56.308000,2.308,0.0,0.04,0.73
1747090556318,2025-05-12T22:55:56.318000,2.318,0.02,0.08,0.85
1747090556328,2025-05-12T22:55:56.328000,2.328,0.04,0.06,0.95
1747090556338,2025-05-12T22:55:56.338000,2.338,0.03,0.03,0.95
1747090556348,2025-05-12T22:55:56.348000,2.348,-0.07,0.06,0.79
1747090556358,2025-05-12T22:55:56.358000,2.358,-0.2,0.16,0.58
1747090556368,2025-05-12T22:55:56.368000,2.368,-0.27,0.35,0.32
1747090556378,2025-05-12T22:55:56.378000,2.378,-0.29,0.55,0.14
1747090556388,2025-05-12T22:55:56.388000,2.388,-0.28,0.71,0.11
1747090556398,2025-05-12T22:55:56.398000,2.398,-0.28,0.79,0.21
1747090556408,2025-05-12T22:55:56.408000,2.408,-0.33,0.72,0.4
1747090556418,2025-05-12T22:55:56.418000,2.418,-0.41,0.58,0.54
1747090556428,2025-05-12T22:55:56.428000,2.428,-0.47,0.42,0.55
1747090556438,2025-05-12T22:55:56.438000,2.438,-0.48,0.35,0.47
1747090556448,2025-05-12T22:55:56.448000,2.448,-0.43,0.37,0.44
1747090556458,2025-05-12T22:55:56.458000,2.458,-0.36,0.39,0.45
1747090556468,2025-05-12T22:55:56.468000,2.468,-0.3,0.38,0.56
1747090556478,2025-05-12T22:55:56.478000,2.478,-0.19,0.35,0.6
1747090556487,2025-05-12T22:55:56.487000,2.487,-0.06,0.33,0.53
1747090556497,2025-05-12T22:55:56.497000,2.497,0.06,0.31,0.44
1747090556507,2025-05-12T22:55:56.507000,2.507,0.07,0.3,0.32
1747090556517,2025-05-12T22:55:56.517000,2.517,0.05,0.3,0.32
1747090556527,2025-05-12T22:55:56.527000,2.527,0.01,0.24,0.24
1747090556537,2025-05-12T22:55:56.537000,2.537,-0.02,0.21,0.01
1747090556547,2025-05-12T22:55:56.547000,2.547,0.01,0.27,-0.21
1747090556557,2025-05-12T22:55:56.557000,2.557,0.04,0.37,-0.47
1747090556567,2025-05-12T22:55:56.567000,2.567,0.1,0.49,-0.44
1747090556577,2025-05-12T22:55:56.577000,2.577,0.17,0.56,-0.22
1747090556587,2025-05-12T22:55:56.587000,2.587,0.2,0.54,0.04
1747090556597,2025-05-12T22:55:56.597000,2.597,0.24,0.44,0.18
1747090556607,2025-05-12T22:55:56.607000,2.607,0.27,0.32,0.12
1747090556617,2025-05-12T22:55:56.617000,2.617,0.32,0.26,-0.04
1747090556627,2025-05-12T22:55:56.627000,2.627,0.4,0.27,-0.15
1747090556637,2025-05-12T22:55:56.637000,2.637,0.44,0.33,-0.13
1747090556647,2025-05-12T22:55:56.647000,2.647,0.45,0.43,-0.09
1747090556657,2025-05-12T22:55:56.657000,2.657,0.48,0.51,0.05
1747090556667,2025-05-12T22:55:56.667000,2.667,0.58,0.63,0.18
1747090556676,2025-05-12T22:55:56.676000,2.676,0.68,0.72,0.23
1747090556686,2025-05-12T22:55:56.686000,2.686,0.78,0.79,0.4
1747090556696,2025-05-12T22:55:56.696000,2.696,0.77,0.79,0.52
1747090556706,2025-05-12T22:55:56.706000,2.706,0.7,0.77,0.58
1747090556716,2025-05-12T22:55:56.716000,2.716,0.59,0.73,0.7
1747090556726,2025-05-12T22:55:56.726000,2.726,0.58,0.68,0.85
1747090556736,2025-05-12T22:55:56.736000,2.736,0.68,0.62,1.02
1747090556746,2025-05-12T22:55:56.746000,2.746,0.81,0.58,1.09
1747090556756,2025-05-12T22:55:56.756000,2.756,0.87,0.52,1.03
1747090556766,2025-05-12T22:55:56.766000,2.766,0.82,0.47,1.01
1747090556776,2025-05-12T22:55:56.776000,2.776,0.72,0.42,1.04
1747090556786,2025-05-12T22:55:56.786000,2.786,0.57,0.33,0.97
1747090556796,2025-05-12T22:55:56.796000,2.796,0.49,0.23,0.82
1747090556806,2025-05-12T22:55:56.806000,2.806,0.49,0.17,0.67
1747090556816,2025-05-12T22:55:56.816000,2.816,0.53,0.12,0.42
1747090556826,2025-05-12T22:55:56.826000,2.826,0.57,0.1,0.22
1747090556836,2025-05-12T22:55:56.836000,2.836,0.56,0.08,0.05
1747090556846,2025-05-12T22:55:56.846000,2.846,0.5,0.03,-0.02
1747090556856,2025-05-12T22:55:56.856000,2.856,0.47,-0.06,0.14
1747090556865,2025-05-12T22:55:56.865000,2.865,0.56,-0.16,0.24
1747090556876,2025-05-12T22:55:56.876000,2.876,0.69,-0.29,0.17
1747090556885,2025-05-12T22:55:56.885000,2.885,0.73,-0.36,-0.1
1747090556895,2025-05-12T22:55:56.895000,2.895,0.66,-0.35,-0.47
1747090556906,2025-05-12T22:55:56.906000,2.906,0.53,-0.29,-0.72
1747090556915,2025-05-12T22:55:56.915000,2.915,0.45,-0.24,-0.78
1747090556925,2025-05-12T22:55:56.925000,2.925,0.51,-0.21,-0.71
1747090556935,2025-05-12T22:55:56.935000,2.935,0.65,-0.22,-0.6
1747090556945,2025-05-12T22:55:56.945000,2.945,0.81,-0.28,-0.43
1747090556955,2025-05-12T22:55:56.955000,2.955,0.88,-0.43,-0.07
1747090556965,2025-05-12T22:55:56.965000,2.965,0.82,-0.62,0.05
1747090556975,2025-05-12T22:55:56.975000,2.975,0.65,-0.85,0.14
1747090556985,2025-05-12T22:55:56.985000,2.985,0.46,-0.98,-0.04
1747090556995,2025-05-12T22:55:56.995000,2.995,0.3,-1.05,-0.21
1747090557005,2025-05-12T22:55:57.005000,3.005,0.19,-1.02,-0.4
1747090557015,2025-05-12T22:55:57.015000,3.015,0.1,-0.91,-0.61
1747090557025,2025-05-12T22:55:57.025000,3.025,0.05,-0.74,-0.74
1747090557035,2025-05-12T22:55:57.035000,3.035,-0.03,-0.56,-0.83
1747090557045,2025-05-12T22:55:57.045000,3.045,-0.1,-0.42,-0.77
1747090557055,2025-05-12T22:55:57.055000,3.055,-0.15,-0.31,-0.78
1747090557065,2025-05-12T22:55:57.065000,3.065,-0.08,-0.23,-0.8
1747090557074,2025-05-12T22:55:57.074000,3.074,0.09,-0.15,-0.78
1747090557085,2025-05-12T22:55:57.085000,3.085,0.28,-0.08,-0.81
1747090557094,2025-05-12T22:55:57.094000,3.094,0.39,-0.03,-0.9
1747090557104,2025-05-12T22:55:57.104000,3.104,0.49,0.02,-0.89
1747090557114,2025-05-12T22:55:57.114000,3.114,0.59,0.06,-0.77
1747090557124,2025-05-12T22:55:57.124000,3.124,0.65,0.06,-0.59
1747090557134,2025-05-12T22:55:57.134000,3.134,0.69,0.05,-0.52
1747090557144,2025-05-12T22:55:57.144000,3.144,0.69,-0.02,-0.45
1747090557154,2025-05-12T22:55:57.154000,3.154,0.59,-0.13,-0.31
1747090557164,2025-05-12T22:55:57.164000,3.164,0.48,-0.29,-0.28
1747090557174,2025-05-12T22:55:57.174000,3.174,0.44,-0.42,-0.42
1747090557184,2025-05-12T22:55:57.184000,3.184,0.51,-0.5,-0.58
1747090557194,2025-05-12T22:55:57.194000,3.194,0.56,-0.5,-0.79
1747090557204,2025-05-12T22:55:57.204000,3.204,0.52,-0.44,-0.96
1747090557214,2025-05-12T22:55:57.214000,3.214,0.42,-0.35,-1.02
1747090557224,2025-05-12T22:55:57.224000,3.224,0.41,-0.26,-0.97
1747090557234,2025-05-12T22:55:57.234000,3.234,0.49,-0.18,-0.87
1747090557244,2025-05-12T22:55:57.244000,3.244,0.56,-0.17,-0.63
1747090557254,2025-05-12T22:55:57.254000,3.254,0.62,-0.18,-0.31
1747090557264,2025-05-12T22:55:57.264000,3.264,0.63,-0.28,-0.02
1747090557273,2025-05-12T22:55:57.273000,3.273,0.63,-0.42,-0.01
1747090557283,2025-05-12T22:55:57.283000,3.283,0.59,-0.52,-0.23
1747090557294,2025-05-12T22:55:57.294000,3.294,0.62,-0.39,-0.39
1747090557303,2025-05-12T22:55:57.303000,3.303,0.7,-0.16,-0.31
1747090557313,2025-05-12T22:55:57.313000,3.313,0.78,0.1,-0.19
1747090557323,2025-05-12T22:55:57.323000,3.323,0.75,0.19,-0.13
1747090557333,2025-05-12T22:55:57.333000,3.333,0.6,0.2,-0.02
1747090557343,2025-05-12T22:55:57.343000,3.343,0.38,0.21,0.17
1747090557353,2025-05-12T22:55:57.353000,3.353,0.2,0.16,0.33
1747090557363,2025-05-12T22:55:57.363000,3.363,0.14,0.13,0.3
1747090557373,2025-05-12T22:55:57.373000,3.373,0.19,0.19,0.22
1747090557383,2025-05-12T22:55:57.383000,3.383,0.32,0.25,0.26
1747090557393,2025-05-12T22:55:57.393000,3.393,0.39,0.31,0.45
1747090557403,2025-05-12T22:55:57.403000,3.403,0.33,0.35,0.56
1747090557413,2025-05-12T22:55:57.413000,3.413,0.18,0.37,0.57
1747090557423,2025-05-12T22:55:57.423000,3.423,0.09,0.35,0.52
1747090557433,2025-05-12T22:55:57.433000,3.433,0.07,0.31,0.45
1747090557443,2025-05-12T22:55:57.443000,3.443,0.12,0.29,0.4
1747090557453,2025-05-12T22:55:57.453000,3.453,0.26,0.25,0.46
1747090557463,2025-05-12T22:55:57.463000,3.463,0.4,0.22,0.65
1747090557473,2025-05-12T22:55:57.473000,3.473,0.36,0.17,0.75
1747090557482,2025-05-12T22:55:57.482000,3.482,0.21,0.1,0.72
1747090557492,2025-05-12T22:55:57.492000,3.492,0.08,0.01,0.61
1747090557502,2025-05-12T22:55:57.502000,3.502,0.01,-0.09,0.54
1747090557512,2025-05-12T22:55:57.512000,3.512,0.02,-0.18,0.47
1747090557522,2025-05-12T22:55:57.522000,3.522,0.05,-0.28,0.41
1747090557532,2025-05-12T22:55:57.532000,3.532,0.11,-0.42,0.4
1747090557542,2025-05-12T22:55:57.542000,3.542,0.13,-0.57,0.4
1747090557552,2025-05-12T22:55:57.552000,3.552,0.2,-0.63,0.33
1747090557562,2025-05-12T22:55:57.562000,3.562,0.26,-0.66,0.19
1747090557572,2025-05-12T22:55:57.572000,3.572,0.32,-0.64,0.03
1747090557582,2025-05-12T22:55:57.582000,3.582,0.38,-0.55,-0.08
1747090557592,2025-05-12T22:55:57.592000,3.592,0.41,-0.41,-0.22
1747090557602,2025-05-12T22:55:57.602000,3.602,0.37,-0.3,-0.38
1747090557612,2025-05-12T22:55:57.612000,3.612,0.26,-0.23,-0.45
1747090557622,2025-05-12T22:55:57.622000,3.622,0.12,-0.2,-0.54
1747090557632,2025-05-12T22:55:57.632000,3.632,0.06,-0.25,-0.54
1747090557642,2025-05-12T22:55:57.642000,3.642,0.12,-0.31,-0.42
1747090557652,2025-05-12T22:55:57.652000,3.652,0.19,-0.35,-0.37
1747090557662,2025-05-12T22:55:57.662000,3.662,0.21,-0.37,-0.4
1747090557671,2025-05-12T22:55:57.671000,3.671,0.2,-0.33,-0.35
1747090557682,2025-05-12T22:55:57.682000,3.682,0.12,-0.27,-0.26
1747090557692,2025-05-12T22:55:57.692000,3.692,0.04,-0.23,-0.23
1747090557701,2025-05-12T22:55:57.701000,3.701,-0.04,-0.23,-0.33
1747090557711,2025-05-12T22:55:57.711000,3.711,-0.05,-0.25,-0.39
1747090557721,2025-05-12T22:55:57.721000,3.721,-0.05,-0.21,-0.3
1747090557731,2025-05-12T22:55:57.731000,3.731,-0.08,-0.19,-0.27
1747090557741,2025-05-12T22:55:57.741000,3.741,-0.14,-0.17,-0.28
1747090557751,2025-05-12T22:55:57.751000,3.751,-0.29,-0.19,-0.17
1747090557761,2025-05-12T22:55:57.761000,3.761,-0.36,-0.19,-0.06
1747090557771,2025-05-12T22:55:57.771000,3.771,-0.31,-0.13,-0.12
1747090557781,2025-05-12T22:55:57.781000,3.781,-0.17,-0.03,-0.29
1747090557791,2025-05-12T22:55:57.791000,3.791,-0.03,0.04,-0.57
1747090557801,2025-05-12T22:55:57.801000,3.801,-0.01,0.17,-0.89
1747090557811,2025-05-12T22:55:57.811000,3.811,0.14,0.31,-1.19
1747090557821,2025-05-12T22:55:57.821000,3.821,0.33,0.4,-1.47
1747090557831,2025-05-12T22:55:57.831000,3.831,0.46,0.38,-1.38
1747090557841,2025-05-12T22:55:57.841000,3.841,0.39,0.23,-0.95
1747090557851,2025-05-12T22:55:57.851000,3.851,0.2,0.11,-0.34
1747090557860,2025-05-12T22:55:57.860000,3.86,0.05,0.04,0.15
1747090557870,2025-05-12T22:55:57.870000,3.87,0.01,-0.1,0.46
1747090557880,2025-05-12T22:55:57.880000,3.88,0.04,-0.26,0.35
1747090557890,2025-05-12T22:55:57.890000,3.89,0.18,-0.36,0.06
1747090557900,2025-05-12T22:55:57.900000,3.9,0.38,-0.36,-0.23
1747090557910,2025-05-12T22:55:57.910000,3.91,0.55,-0.3,-0.55
1747090557920,2025-05-12T22:55:57.920000,3.92,0.66,-0.21,-0.85
1747090557930,2025-05-12T22:55:57.930000,3.93,0.64,-0.16,-1.08
1747090557940,2025-05-12T22:55:57.940000,3.94,0.58,-0.1,-1.09
1747090557950,2025-05-12T22:55:57.950000,3.95,0.48,-0.01,-1.04
1747090557960,2025-05-12T22:55:57.960000,3.96,0.25,0.03,-0.78
1747090557970,2025-05-12T22:55:57.970000,3.97,-0.03,0.01,-0.55
1747090557980,2025-05-12T22:55:57.980000,3.98,-0.25,-0.04,-0.61
1747090557990,2025-05-12T22:55:57.990000,3.99,-0.27,-0.03,-0.68
1747090558000,2025-05-12T22:55:58.000000,4.0,-0.17,0.03,-0.77
1747090558010,2025-05-12T22:55:58.010000,4.01,-0.19,0.03,-0.75
1747090558020,2025-05-12T22:55:58.020000,4.02,-0.33,-0.03,-0.83
1747090558030,2025-05-12T22:55:58.030000,4.03,-0.53,-0.07,-0.9
1747090558040,2025-05-12T22:55:58.040000,4.04,-0.67,-0.07,-0.92
1747090558050,2025-05-12T22:55:58.050000,4.05,-0.65,-0.07,-0.92
1747090558060,2025-05-12T22:55:58.060000,4.06,-0.43,-0.04,-0.8
1747090558069,2025-05-12T22:55:58.069000,4.069,-0.19,-0.02,-0.7
1747090558080,2025-05-12T22:55:58.080000,4.08,-0.08,-0.01,-0.59
1747090558089,2025-05-12T22:55:58.089000,4.089,-0.07,0.03,-0.49
1747090558099,2025-05-12T22:55:58.099000,4.099,-0.03,0.07,-0.44
1747090558109,2025-05-12T22:55:58.109000,4.109,0.12,0.11,-0.45
1747090558119,2025-05-12T22:55:58.119000,4.119,0.28,0.11,-0.43
1747090558129,2025-05-12T22:55:58.129000,4.129,0.4,0.1,-0.41
1747090558139,2025-05-12T22:55:58.139000,4.139,0.39,0.07,-0.48
1747090558149,2025-05-12T22:55:58.149000,4.149,0.35,0.01,-0.48
1747090558159,2025-05-12T22:55:58.159000,4.159,0.36,-0.03,-0.52
1747090558169,2025-05-12T22:55:58.169000,4.169,0.4,-0.02,-0.48
1747090558179,2025-05-12T22:55:58.179000,4.179,0.39,-0.05,-0.57
1747090558189,2025-05-12T22:55:58.189000,4.189,0.33,-0.09,-0.73
1747090558199,2025-05-12T22:55:58.199000,4.199,0.17,-0.17,-0.88
1747090558209,2025-05-12T22:55:58.209000,4.209,-0.02,-0.27,-1.05
1747090558219,2025-05-12T22:55:58.219000,4.219,-0.18,-0.39,-1.28
1747090558229,2025-05-12T22:55:58.229000,4.229,-0.28,-0.54,-1.37
1747090558239,2025-05-12T22:55:58.239000,4.239,-0.36,-0.7,-1.5
1747090558249,2025-05-12T22:55:58.249000,4.249,-0.42,-0.81,-1.63
1747090558259,2025-05-12T22:55:58.259000,4.259,-0.39,-0.91,-1.73
1747090558269,2025-05-12T22:55:58.269000,4.269,-0.24,-0.89,-2.19
1747090558278,2025-05-12T22:55:58.278000,4.278,-0.09,-0.78,-2.5
1747090558288,2025-05-12T22:55:58.288000,4.288,-0.03,-0.57,-2.47
1747090558298,2025-05-12T22:55:58.298000,4.298,-0.13,-0.33,-2.15
1747090558308,2025-05-12T22:55:58.308000,4.308,-0.25,-0.15,-1.8
1747090558318,2025-05-12T22:55:58.318000,4.318,-0.24,-0.05,-1.68
1747090558328,2025-05-12T22:55:58.328000,4.328,-0.22,-0.04,-1.59
1747090558338,2025-05-12T22:55:58.338000,4.338,-0.28,-0.1,-1.68
1747090558348,2025-05-12T22:55:58.348000,4.348,-0.42,-0.15,-1.74
1747090558358,2025-05-12T22:55:58.358000,4.358,-0.51,-0.13,-1.59
1747090558368,2025-05-12T22:55:58.368000,4.368,-0.5,-0.04,-1.38
1747090558378,2025-05-12T22:55:58.378000,4.378,-0.46,0.04,-1.09
1747090558388,2025-05-12T22:55:58.388000,4.388,-0.49,0.03,-0.91
1747090558398,2025-05-12T22:55:58.398000,4.398,-0.51,-0.04,-0.94
1747090558408,2025-05-12T22:55:58.408000,4.408,-0.49,-0.16,-0.97
1747090558418,2025-05-12T22:55:58.418000,4.418,-0.41,-0.19,-1.14
1747090558428,2025-05-12T22:55:58.428000,4.428,-0.26,-0.12,-1.22
1747090558438,2025-05-12T22:55:58.438000,4.438,-0.11,-0.09,-1.1
1747090558448,2025-05-12T22:55:58.448000,4.448,0.06,-0.06,-0.99
1747090558457,2025-05-12T22:55:58.457000,4.457,0.27,-0.06,-0.99
1747090558468,2025-05-12T22:55:58.468000,4.468,0.42,-0.11,-0.89
1747090558477,2025-05-12T22:55:58.477000,4.477,0.45,-0.27,-0.69
1747090558487,2025-05-12T22:55:58.487000,4.487,0.43,-0.56,-0.68
1747090558497,2025-05-12T22:55:58.497000,4.497,0.38,-0.85,-0.82
1747090558507,2025-05-12T22:55:58.507000,4.507,0.41,-1.02,-0.89
1747090558517,2025-05-12T22:55:58.517000,4.517,0.49,-1.14,-0.79
1747090558527,2025-05-12T22:55:58.527000,4.527,0.62,-1.18,-0.74
1747090558537,2025-05-12T22:55:58.537000,4.537,0.6,-1.17,-0.84
1747090558547,2025-05-12T22:55:58.547000,4.547,0.49,-1.17,-0.92
1747090558557,2025-05-12T22:55:58.557000,4.557,0.36,-1.12,-1.21
1747090558567,2025-05-12T22:55:58.567000,4.567,0.34,-1.11,-1.51
1747090558577,2025-05-12T22:55:58.577000,4.577,0.43,-1.15,-1.87
1747090558587,2025-05-12T22:55:58.587000,4.587,0.54,-1.16,-2.3
1747090558597,2025-05-12T22:55:58.597000,4.597,0.7,-1.09,-2.54
1747090558607,2025-05-12T22:55:58.607000,4.607,0.87,-0.92,-2.39
1747090558617,2025-05-12T22:55:58.617000,4.617,0.94,-0.65,-2.01
1747090558627,2025-05-12T22:55:58.627000,4.627,0.81,-0.33,-1.58
1747090558637,2025-05-12T22:55:58.637000,4.637,0.43,-0.1,-1.12
1747090558647,2025-05-12T22:55:58.647000,4.647,-0.0,-0.02,-0.76
1747090558657,2025-05-12T22:55:58.657000,4.657,-0.27,-0.01,-0.77
1747090558666,2025-05-12T22:55:58.666000,4.666,-0.27,-0.05,-1.06
1747090558677,2025-05-12T22:55:58.677000,4.677,-0.07,-0.06,-1.24
1747090558686,2025-05-12T22:55:58.686000,4.686,0.16,-0.03,-1.16
1747090558697,2025-05-12T22:55:58.697000,4.697,0.21,0.08,-0.78
1747090558706,2025-05-12T22:55:58.706000,4.706,0.07,0.2,-0.17
1747090558716,2025-05-12T22:55:58.716000,4.716,-0.07,0.28,0.23
1747090558726,2025-05-12T22:55:58.726000,4.726,-0.05,0.35,0.29
1747090558736,2025-05-12T22:55:58.736000,4.736,0.08,0.44,0.21
1747090558746,2025-05-12T22:55:58.746000,4.746,0.12,0.5,0.05
1747090558756,2025-05-12T22:55:58.756000,4.756,0.09,0.5,-0.09
1747090558766,2025-05-12T22:55:58.766000,4.766,-0.0,0.51,-0.03
1747090558776,2025-05-12T22:55:58.776000,4.776,-0.1,0.46,0.24
1747090558786,2025-05-12T22:55:58.786000,4.786,-0.1,0.38,0.5
1747090558796,2025-05-12T22:55:58.796000,4.796,0.01,0.32,0.58
1747090558806,2025-05-12T22:55:58.806000,4.806,0.13,0.28,0.6
1747090558816,2025-05-12T22:55:58.816000,4.816,0.21,0.32,0.7
1747090558826,2025-05-12T22:55:58.826000,4.826,0.3,0.37,0.92
1747090558836,2025-05-12T22:55:58.836000,4.836,0.38,0.39,1.1
1747090558846,2025-05-12T22:55:58.846000,4.846,0.33,0.33,1.19
1747090558855,2025-05-12T22:55:58.855000,4.855,0.2,0.22,1.15
1747090558866,2025-05-12T22:55:58.866000,4.866,0.11,0.14,1.07
1747090558876,2025-05-12T22:55:58.876000,4.876,0.09,0.09,0.97
1747090558885,2025-05-12T22:55:58.885000,4.885,0.07,0.1,0.86
1747090558895,2025-05-12T22:55:58.895000,4.895,0.07,0.2,0.77
1747090558905,2025-05-12T22:55:58.905000,4.905,0.14,0.38,0.76
1747090558915,2025-05-12T22:55:58.915000,4.915,0.21,0.54,0.87
1747090558925,2025-05-12T22:55:58.925000,4.925,0.16,0.61,1.01
1747090558935,2025-05-12T22:55:58.935000,4.935,0.04,0.52,1.15
1747090558945,2025-05-12T22:55:58.945000,4.945,-0.02,0.33,1.0
1747090558955,2025-05-12T22:55:58.955000,4.955,-0.05,0.18,0.84
1747090558965,2025-05-12T22:55:58.965000,4.965,-0.1,0.11,0.85
1747090558975,2025-05-12T22:55:58.975000,4.975,-0.08,0.14,0.97
1747090558985,2025-05-12T22:55:58.985000,4.985,-0.1,0.23,1.1
1747090558995,2025-05-12T22:55:58.995000,4.995,-0.1,0.27,1.18
1747090559005,2025-05-12T22:55:59.005000,5.005,-0.07,0.32,1.21
1747090559015,2025-05-12T22:55:59.015000,5.015,-0.06,0.36,1.29
1747090559025,2025-05-12T22:55:59.025000,5.025,-0.07,0.31,1.38
1747090559034,2025-05-12T22:55:59.034000,5.034,-0.03,0.18,1.55
1747090559045,2025-05-12T22:55:59.045000,5.045,0.13,-0.06,1.65
1747090559055,2025-05-12T22:55:59.055000,5.055,0.32,-0.2,1.59
1747090559065,2025-05-12T22:55:59.065000,5.065,0.45,-0.28,1.48
1747090559075,2025-05-12T22:55:59.075000,5.075,0.47,-0.29,1.39
1747090559084,2025-05-12T22:55:59.084000,5.084,0.44,-0.2,1.25
1747090559094,2025-05-12T22:55:59.094000,5.094,0.41,-0.07,1.2
1747090559104,2025-05-12T22:55:59.104000,5.104,0.4,0.05,1.25
1747090559114,2025-05-12T22:55:59.114000,5.114,0.4,-0.02,1.27
1747090559124,2025-05-12T22:55:59.124000,5.124,0.36,-0.29,1.35
1747090559134,2025-05-12T22:55:59.134000,5.134,0.37,-0.68,1.52
1747090559144,2025-05-12T22:55:59.144000,5.144,0.5,-1.1,1.73
1747090559154,2025-05-12T22:55:59.154000,5.154,0.69,-1.45,1.92
1747090559164,2025-05-12T22:55:59.164000,5.164,0.77,-1.67,1.84
1747090559174,2025-05-12T22:55:59.174000,5.174,0.81,-1.66,1.6
1747090559184,2025-05-12T22:55:59.184000,5.184,0.8,-1.49,1.34
1747090559194,2025-05-12T22:55:59.194000,5.194,0.69,-1.17,1.26
1747090559204,2025-05-12T22:55:59.204000,5.204,0.42,-0.85,1.63
1747090559214,2025-05-12T22:55:59.214000,5.214,0.11,-0.48,1.99
1747090559224,2025-05-12T22:55:59.224000,5.224,-0.07,-0.14,2.25
1747090559234,2025-05-12T22:55:59.234000,5.234,-0.03,0.14,2.41
1747090559244,2025-05-12T22:55:59.244000,5.244,0.08,0.31,2.56
1747090559254,2025-05-12T22:55:59.254000,5.254,0.03,0.3,2.74
1747090559263,2025-05-12T22:55:59.263000,5.263,-0.22,0.19,2.91
1747090559273,2025-05-12T22:55:59.273000,5.273,-0.5,0.09,3.02
1747090559283,2025-05-12T22:55:59.283000,5.283,-0.68,0.07,3.23
1747090559293,2025-05-12T22:55:59.293000,5.293,-0.62,0.14,3.46
1747090559303,2025-05-12T22:55:59.303000,5.303,-0.34,0.26,3.7
1747090559313,2025-05-12T22:55:59.313000,5.313,-0.1,0.34,3.86
1747090559323,2025-05-12T22:55:59.323000,5.323,-0.08,0.31,3.99
1747090559333,2025-05-12T22:55:59.333000,5.333,-0.09,0.19,4.04
1747090559343,2025-05-12T22:55:59.343000,5.343,0.04,0.04,3.95
1747090559353,2025-05-12T22:55:59.353000,5.353,0.24,-0.06,3.88
1747090559363,2025-05-12T22:55:59.363000,5.363,0.36,-0.11,3.81
1747090559373,2025-05-12T22:55:59.373000,5.373,0.46,-0.09,3.82
1747090559383,2025-05-12T22:55:59.383000,5.383,0.51,-0.02,3.84
1747090559393,2025-05-12T22:55:59.393000,5.393,0.49,0.04,3.72
1747090559403,2025-05-12T22:55:59.403000,5.403,0.46,0.05,3.47
1747090559413,2025-05-12T22:55:59.413000,5.413,0.47,0.06,3.2
1747090559423,2025-05-12T22:55:59.423000,5.423,0.45,0.09,3.0
1747090559433,2025-05-12T22:55:59.433000,5.433,0.35,0.13,2.77
1747090559443,2025-05-12T22:55:59.443000,5.443,0.25,0.17,2.76
1747090559452,2025-05-12T22:55:59.452000,5.452,0.21,0.21,2.84
1747090559462,2025-05-12T22:55:59.462000,5.462,0.24,0.23,2.76
1747090559472,2025-05-12T22:55:59.472000,5.472,0.23,0.3,2.66
1747090559482,2025-05-12T22:55:59.482000,5.482,0.18,0.41,2.44
1747090559492,2025-05-12T22:55:59.492000,5.492,0.1,0.52,2.17
1747090559502,2025-05-12T22:55:59.502000,5.502,0.06,0.6,2.03
1747090559512,2025-05-12T22:55:59.512000,5.512,0.12,0.6,2.04
1747090559522,2025-05-12T22:55:59.522000,5.522,0.17,0.54,1.91
1747090559532,2025-05-12T22:55:59.532000,5.532,0.08,0.47,1.71
1747090559542,2025-05-12T22:55:59.542000,5.542,-0.03,0.39,1.59
1747090559552,2025-05-12T22:55:59.552000,5.552,-0.08,0.33,1.31
1747090559562,2025-05-12T22:55:59.562000,5.562,-0.16,0.36,0.98
1747090559572,2025-05-12T22:55:59.572000,5.572,-0.24,0.43,0.66
1747090559582,2025-05-12T22:55:59.582000,5.582,-0.29,0.54,0.42
1747090559592,2025-05-12T22:55:59.592000,5.592,-0.2,0.68,0.23
1747090559602,2025-05-12T22:55:59.602000,5.602,-0.0,0.81,0.13
1747090559612,2025-05-12T22:55:59.612000,5.612,0.1,0.88,0.24
1747090559622,2025-05-12T22:55:59.622000,5.622,0.01,0.86,0.39
1747090559632,2025-05-12T22:55:59.632000,5.632,-0.13,0.75,0.48
1747090559642,2025-05-12T22:55:59.642000,5.642,-0.08,0.64,0.45
1747090559652,2025-05-12T22:55:59.652000,5.652,0.08,0.56,0.38
1747090559662,2025-05-12T22:55:59.662000,5.662,0.23,0.52,0.26
1747090559671,2025-05-12T22:55:59.671000,5.671,0.27,0.53,0.13
1747090559681,2025-05-12T22:55:59.681000,5.681,0.2,0.57,0.03
1747090559691,2025-05-12T22:55:59.691000,5.691,0.1,0.64,-0.08
1747090559701,2025-05-12T22:55:59.701000,5.701,0.04,0.66,-0.04
1747090559711,2025-05-12T22:55:59.711000,5.711,-0.04,0.6,-0.13
1747090559721,2025-05-12T22:55:59.721000,5.721,-0.09,0.48,-0.41
1747090559731,2025-05-12T22:55:59.731000,5.731,-0.08,0.33,-0.72
1747090559741,2025-05-12T22:55:59.741000,5.741,0.03,0.18,-0.89
1747090559751,2025-05-12T22:55:59.751000,5.751,0.22,0.06,-0.93
1747090559761,2025-05-12T22:55:59.761000,5.761,0.38,-0.01,-0.99
1747090559771,2025-05-12T22:55:59.771000,5.771,0.49,-0.07,-0.97
1747090559781,2025-05-12T22:55:59.781000,5.781,0.53,-0.13,-0.87
1747090559791,2025-05-12T22:55:59.791000,5.791,0.54,-0.17,-0.86
1747090559801,2025-05-12T22:55:59.801000,5.801,0.51,-0.21,-0.89
1747090559811,2025-05-12T22:55:59.811000,5.811,0.47,-0.27,-0.96
1747090559821,2025-05-12T22:55:59.821000,5.821,0.39,-0.3,-1.07
1747090559831,2025-05-12T22:55:59.831000,5.831,0.29,-0.34,-1.13
1747090559841,2025-05-12T22:55:59.841000,5.841,0.2,-0.36,-1.23
1747090559851,2025-05-12T22:55:59.851000,5.851,0.16,-0.41,-1.35
1747090559860,2025-05-12T22:55:59.860000,5.86,0.13,-0.48,-1.43
1747090559870,2025-05-12T22:55:59.870000,5.87,0.09,-0.52,-1.44
1747090559880,2025-05-12T22:55:59.880000,5.88,0.09,-0.55,-1.43
1747090559890,2025-05-12T22:55:59.890000,5.89,0.08,-0.58,-1.35
1747090559900,2025-05-12T22:55:59.900000,5.9,0.15,-0.6,-1.33
1747090559910,2025-05-12T22:55:59.910000,5.91,0.26,-0.62,-1.34
1747090559920,2025-05-12T22:55:59.920000,5.92,0.4,-0.6,-1.35
1747090559930,2025-05-12T22:55:59.930000,5.93,0.46,-0.62,-1.36
1747090559940,2025-05-12T22:55:59.940000,5.94,0.43,-0.68,-1.33
1747090559950,2025-05-12T22:55:59.950000,5.95,0.25,-0.72,-1.53
1747090559960,2025-05-12T22:55:59.960000,5.96,0.03,-0.74,-1.85
1747090559970,2025-05-12T22:55:59.970000,5.97,-0.08,-0.63,-2.14
1747090559980,2025-05-12T22:55:59.980000,5.98,-0.1,-0.45,-2.28
1747090559990,2025-05-12T22:55:59.990000,5.99,-0.03,-0.27,-2.27
1747090560000,2025-05-12T22:56:00.000000,6.0,0.12,-0.15,-2.13
1747090560010,2025-05-12T22:56:00.010000,6.01,0.23,-0.12,-1.77
1747090560020,2025-05-12T22:56:00.020000,6.02,0.2,-0.2,-1.34
1747090560029,2025-05-12T22:56:00.029000,6.029,-0.01,-0.37,-1.12
1747090560040,2025-05-12T22:56:00.040000,6.04,-0.17,-0.51,-1.33
1747090560050,2025-05-12T22:56:00.050000,6.05,-0.17,-0.55,-1.51
1747090560060,2025-05-12T22:56:00.060000,6.06,-0.06,-0.52,-1.45
1747090560069,2025-05-12T22:56:00.069000,6.069,0.05,-0.45,-1.4
1747090560079,2025-05-12T22:56:00.079000,6.079,-0.0,-0.37,-1.43
1747090560089,2025-05-12T22:56:00.089000,6.089,-0.11,-0.29,-1.52
1747090560099,2025-05-12T22:56:00.099000,6.099,-0.16,-0.24,-1.59
1747090560109,2025-05-12T22:56:00.109000,6.109,-0.14,-0.2,-1.6
1747090560119,2025-05-12T22:56:00.119000,6.119,-0.06,-0.17,-1.67
1747090560129,2025-05-12T22:56:00.129000,6.129,-0.0,-0.08,-1.74
1747090560139,2025-05-12T22:56:00.139000,6.139,0.06,-0.04,-1.71
1747090560149,2025-05-12T22:56:00.149000,6.149,0.1,0.02,-1.58
1747090560159,2025-05-12T22:56:00.159000,6.159,0.14,0.06,-1.42
1747090560169,2025-05-12T22:56:00.169000,6.169,0.04,0.07,-1.39
1747090560179,2025-05-12T22:56:00.179000,6.179,-0.16,0.1,-1.49
1747090560189,2025-05-12T22:56:00.189000,6.189,-0.29,0.14,-1.58
1747090560199,2025-05-12T22:56:00.199000,6.199,-0.3,0.21,-1.7
1747090560209,2025-05-12T22:56:00.209000,6.209,-0.17,0.29,-1.82
1747090560219,2025-05-12T22:56:00.219000,6.219,0.04,0.32,-1.81
1747090560229,2025-05-12T22:56:00.229000,6.229,0.11,0.32,-1.68
1747090560238,2025-05-12T22:56:00.238000,6.238,0.07,0.27,-1.53
1747090560249,2025-05-12T22:56:00.249000,6.249,-0.01,0.16,-1.35
1747090560258,2025-05-12T22:56:00.258000,6.258,-0.03,0.02,-1.2
1747090560268,2025-05-12T22:56:00.268000,6.268,0.03,-0.11,-1.15
1747090560278,2025-05-12T22:56:00.278000,6.278,0.11,-0.26,-1.23
1747090560288,2025-05-12T22:56:00.288000,6.288,0.13,-0.41,-1.41
1747090560298,2025-05-12T22:56:00.298000,6.298,0.09,-0.55,-1.53
1747090560308,2025-05-12T22:56:00.308000,6.308,0.03,-0.62,-1.57
1747090560318,2025-05-12T22:56:00.318000,6.318,0.09,-0.59,-1.52
1747090560328,2025-05-12T22:56:00.328000,6.328,0.27,-0.46,-1.37
1747090560338,2025-05-12T22:56:00.338000,6.338,0.45,-0.28,-1.13
1747090560348,2025-05-12T22:56:00.348000,6.348,0.55,-0.14,-0.84
1747090560358,2025-05-12T22:56:00.358000,6.358,0.56,-0.03,-0.64
1747090560368,2025-05-12T22:56:00.368000,6.368,0.57,-0.01,-0.28
1747090560378,2025-05-12T22:56:00.378000,6.378,0.52,-0.08,-0.1
1747090560388,2025-05-12T22:56:00.388000,6.388,0.42,-0.21,-0.19
1747090560398,2025-05-12T22:56:00.398000,6.398,0.37,-0.29,-0.34
1747090560408,2025-05-12T22:56:00.408000,6.408,0.28,-0.28,-0.63
1747090560418,2025-05-12T22:56:00.418000,6.418,0.22,-0.22,-0.9
1747090560428,2025-05-12T22:56:00.428000,6.428,0.25,-0.09,-1.06
1747090560438,2025-05-12T22:56:00.438000,6.438,0.27,0.09,-1.1
1747090560448,2025-05-12T22:56:00.448000,6.448,0.33,0.25,-1.13
1747090560457,2025-05-12T22:56:00.457000,6.457,0.34,0.34,-1.19
1747090560467,2025-05-12T22:56:00.467000,6.467,0.3,0.34,-1.13
1747090560477,2025-05-12T22:56:00.477000,6.477,0.21,0.3,-1.0
1747090560487,2025-05-12T22:56:00.487000,6.487,0.21,0.21,-0.79
1747090560497,2025-05-12T22:56:00.497000,6.497,0.26,0.13,-0.61
1747090560507,2025-05-12T22:56:00.507000,6.507,0.32,0.07,-0.49
1747090560517,2025-05-12T22:56:00.517000,6.517,0.36,0.06,-0.44
1747090560527,2025-05-12T22:56:00.527000,6.527,0.34,0.09,-0.37
1747090560537,2025-05-12T22:56:00.537000,6.537,0.33,0.13,-0.12
1747090560547,2025-05-12T22:56:00.547000,6.547,0.31,0.16,0.23
1747090560557,2025-05-12T22:56:00.557000,6.557,0.33,0.17,0.38
1747090560567,2025-05-12T22:56:00.567000,6.567,0.45,0.17,0.32
1747090560577,2025-05-12T22:56:00.577000,6.577,0.63,0.1,0.1
1747090560587,2025-05-12T22:56:00.587000,6.587,0.78,0.01,-0.13
1747090560597,2025-05-12T22:56:00.597000,6.597,0.84,-0.04,-0.3
1747090560607,2025-05-12T22:56:00.607000,6.607,0.78,-0.11,-0.24
1747090560617,2025-05-12T22:56:00.617000,6.617,0.46,-0.12,0.05
1747090560627,2025-05-12T22:56:00.627000,6.627,-0.05,-0.05,0.49
1747090560636,2025-05-12T22:56:00.636000,6.636,-0.36,0.0,0.64
1747090560647,2025-05-12T22:56:00.647000,6.647,-0.1,0.04,0.44
1747090560656,2025-05-12T22:56:00.656000,6.656,0.5,0.1,0.25
1747090560667,2025-05-12T22:56:00.667000,6.667,0.79,0.12,0.23
1747090560676,2025-05-12T22:56:00.676000,6.676,0.55,0.04,0.34
1747090560686,2025-05-12T22:56:00.686000,6.686,0.08,-0.07,0.31
1747090560696,2025-05-12T22:56:00.696000,6.696,-0.08,-0.13,0.26
1747090560706,2025-05-12T22:56:00.706000,6.706,0.06,-0.08,0.2
1747090560716,2025-05-12T22:56:00.716000,6.716,0.22,0.03,0.1
1747090560726,2025-05-12T22:56:00.726000,6.726,0.18,0.1,-0.14
1747090560736,2025-05-12T22:56:00.736000,6.736,0.1,0.2,-0.4
1747090560746,2025-05-12T22:56:00.746000,6.746,0.12,0.31,-0.53
1747090560756,2025-05-12T22:56:00.756000,6.756,0.26,0.4,-0.56
1747090560766,2025-05-12T22:56:00.766000,6.766,0.36,0.46,-0.48
1747090560776,2025-05-12T22:56:00.776000,6.776,0.36,0.46,-0.27
1747090560786,2025-05-12T22:56:00.786000,6.786,0.37,0.39,-0.15
1747090560796,2025-05-12T22:56:00.796000,6.796,0.42,0.36,-0.08
1747090560806,2025-05-12T22:56:00.806000,6.806,0.48,0.35,0.09
1747090560816,2025-05-12T22:56:00.816000,6.816,0.46,0.32,0.23
1747090560826,2025-05-12T22:56:00.826000,6.826,0.32,0.23,0.3
1747090560836,2025-05-12T22:56:00.836000,6.836,0.2,0.15,0.32
1747090560845,2025-05-12T22:56:00.845000,6.845,0.19,0.06,0.25
1747090560855,2025-05-12T22:56:00.855000,6.855,0.24,-0.0,0.22
1747090560865,2025-05-12T22:56:00.865000,6.865,0.31,0.01,0.15
1747090560875,2025-05-12T22:56:00.875000,6.875,0.33,0.07,0.03
1747090560885,2025-05-12T22:56:00.885000,6.885,0.26,0.18,-0.01
1747090560895,2025-05-12T22:56:00.895000,6.895,0.18,0.25,0.01
1747090560905,2025-05-12T22:56:00.905000,6.905,0.12,0.27,0.1
1747090560915,2025-05-12T22:56:00.915000,6.915,0.1,0.19,0.13
1747090560925,2025-05-12T22:56:00.925000,6.925,0.09,0.08,0.05
1747090560935,2025-05-12T22:56:00.935000,6.935,0.08,-0.02,-0.04
1747090560945,2025-05-12T22:56:00.945000,6.945,0.09,-0.11,-0.08
1747090560955,2025-05-12T22:56:00.955000,6.955,0.12,-0.16,0.03
1747090560965,2025-05-12T22:56:00.965000,6.965,0.16,-0.13,0.19
1747090560975,2025-05-12T22:56:00.975000,6.975,0.12,-0.05,0.33
1747090560985,2025-05-12T22:56:00.985000,6.985,0.08,0.09,0.36
1747090560995,2025-05-12T22:56:00.995000,6.995,0.08,0.26,0.41
1747090561005,2025-05-12T22:56:01.005000,7.005,0.14,0.42,0.46
1747090561015,2025-05-12T22:56:01.015000,7.015,0.17,0.55,0.59
1747090561025,2025-05-12T22:56:01.025000,7.025,0.13,0.59,0.54
1747090561034,2025-05-12T22:56:01.034000,7.034,0.05,0.57,0.39
1747090561044,2025-05-12T22:56:01.044000,7.044,-0.04,0.47,0.29
1747090561054,2025-05-12T22:56:01.054000,7.054,-0.12,0.34,0.07
1747090561064,2025-05-12T22:56:01.064000,7.064,-0.16,0.23,-0.13
1747090561074,2025-05-12T22:56:01.074000,7.074,-0.13,0.13,-0.26
1747090561084,2025-05-12T22:56:01.084000,7.084,-0.08,0.03,-0.31
1747090561094,2025-05-12T22:56:01.094000,7.094,-0.03,-0.07,-0.44
1747090561104,2025-05-12T22:56:01.104000,7.104,0.02,-0.09,-0.5
1747090561114,2025-05-12T22:56:01.114000,7.114,0.12,-0.06,-0.41
1747090561124,2025-05-12T22:56:01.124000,7.124,0.2,-0.0,-0.32
1747090561134,2025-05-12T22:56:01.134000,7.134,0.22,0.02,-0.22
1747090561144,2025-05-12T22:56:01.144000,7.144,0.24,-0.03,-0.05
1747090561154,2025-05-12T22:56:01.154000,7.154,0.26,-0.14,0.02
1747090561164,2025-05-12T22:56:01.164000,7.164,0.26,-0.26,-0.01
1747090561174,2025-05-12T22:56:01.174000,7.174,0.24,-0.36,-0.01
1747090561184,2025-05-12T22:56:01.184000,7.184,0.19,-0.4,-0.11
1747090561194,2025-05-12T22:56:01.194000,7.194,0.13,-0.38,-0.3
1747090561204,2025-05-12T22:56:01.204000,7.204,0.1,-0.26,-0.44
1747090561214,2025-05-12T22:56:01.214000,7.214,0.09,-0.09,-0.57
1747090561224,2025-05-12T22:56:01.224000,7.224,0.02,0.04,-0.63
1747090561233,2025-05-12T22:56:01.233000,7.233,-0.06,0.1,-0.73
1747090561243,2025-05-12T22:56:01.243000,7.243,-0.1,0.12,-0.77
1747090561253,2025-05-12T22:56:01.253000,7.253,-0.04,0.12,-0.81
1747090561263,2025-05-12T22:56:01.263000,7.263,0.04,0.09,-0.82
1747090561273,2025-05-12T22:56:01.273000,7.273,0.09,0.04,-0.73
1747090561283,2025-05-12T22:56:01.283000,7.283,0.11,0.01,-0.59
1747090561293,2025-05-12T22:56:01.293000,7.293,0.18,-0.03,-0.41
1747090561303,2025-05-12T22:56:01.303000,7.303,0.23,-0.08,-0.38
1747090561313,2025-05-12T22:56:01.313000,7.313,0.26,-0.1,-0.31
1747090561323,2025-05-12T22:56:01.323000,7.323,0.27,-0.11,-0.28
1747090561333,2025-05-12T22:56:01.333000,7.333,0.28,-0.14,-0.33
1747090561343,2025-05-12T22:56:01.343000,7.343,0.2,-0.2,-0.32
1747090561353,2025-05-12T22:56:01.353000,7.353,0.13,-0.25,-0.18
1747090561363,2025-05-12T22:56:01.363000,7.363,0.08,-0.22,0.01
1747090561373,2025-05-12T22:56:01.373000,7.373,-0.01,-0.16,-0.2
1747090561383,2025-05-12T22:56:01.383000,7.383,-0.05,-0.1,-0.49
1747090561393,2025-05-12T22:56:01.393000,7.393,0.11,-0.09,-0.4
1747090561403,2025-05-12T22:56:01.403000,7.403,0.42,-0.13,0.03
1747090561413,2025-05-12T22:56:01.413000,7.413,0.68,-0.22,0.97
1747090561422,2025-05-12T22:56:01.422000,7.422,0.8,-0.3,1.65
1747090561432,2025-05-12T22:56:01.432000,7.432,0.71,-0.29,1.45
1747090561442,2025-05-12T22:56:01.442000,7.442,0.56,-0.16,0.82
1747090561452,2025-05-12T22:56:01.452000,7.452,0.47,0.06,0.22
1747090561462,2025-05-12T22:56:01.462000,7.462,0.45,0.27,-0.2
1747090561472,2025-05-12T22:56:01.472000,7.472,0.45,0.46,-0.5
1747090561482,2025-05-12T22:56:01.482000,7.482,0.41,0.6,-0.55
1747090561492,2025-05-12T22:56:01.492000,7.492,0.34,0.7,-0.51
1747090561502,2025-05-12T22:56:01.502000,7.502,0.31,0.75,-0.33
1747090561512,2025-05-12T22:56:01.512000,7.512,0.38,0.78,0.1
1747090561522,2025-05-12T22:56:01.522000,7.522,0.48,0.79,0.34
1747090561532,2025-05-12T22:56:01.532000,7.532,0.54,0.8,0.42
1747090561542,2025-05-12T22:56:01.542000,7.542,0.52,0.76,0.35
1747090561552,2025-05-12T22:56:01.552000,7.552,0.42,0.68,0.33
1747090561562,2025-05-12T22:56:01.562000,7.562,0.29,0.43,0.61
1747090561572,2025-05-12T22:56:01.572000,7.572,0.12,0.2,0.94
1747090561582,2025-05-12T22:56:01.582000,7.582,-0.21,0.04,0.74
1747090561592,2025-05-12T22:56:01.592000,7.592,-0.5,0.04,0.21
1747090561602,2025-05-12T22:56:01.602000,7.602,-0.69,0.13,-0.09
1747090561612,2025-05-12T22:56:01.612000,7.612,-0.76,0.18,-0.05
1747090561621,2025-05-12T22:56:01.621000,7.621,-0.66,0.22,-0.02
1747090561632,2025-05-12T22:56:01.632000,7.632,-0.5,0.21,0.12
1747090561641,2025-05-12T22:56:01.641000,7.641,-0.42,0.11,0.39
1747090561651,2025-05-12T22:56:01.651000,7.651,-0.37,0.08,0.69
1747090561661,2025-05-12T22:56:01.661000,7.661,-0.37,-0.02,0.98
1747090561671,2025-05-12T22:56:01.671000,7.671,-0.37,-0.18,1.31
1747090561681,2025-05-12T22:56:01.681000,7.681,-0.33,-0.31,1.44
1747090561691,2025-05-12T22:56:01.691000,7.691,-0.27,-0.41,1.08
1747090561701,2025-05-12T22:56:01.701000,7.701,-0.2,-0.43,0.35
1747090561711,2025-05-12T22:56:01.711000,7.711,0.0,-0.41,-0.34
1747090561721,2025-05-12T22:56:01.721000,7.721,0.3,-0.33,-0.6
1747090561731,2025-05-12T22:56:01.731000,7.731,0.53,-0.21,-0.49
1747090561741,2025-05-12T22:56:01.741000,7.741,0.71,-0.15,-0.25
1747090561751,2025-05-12T22:56:01.751000,7.751,0.81,-0.06,-0.02
1747090561761,2025-05-12T22:56:01.761000,7.761,0.78,0.04,-0.21
1747090561771,2025-05-12T22:56:01.771000,7.771,0.69,0.18,-0.2
1747090561781,2025-05-12T22:56:01.781000,7.781,0.61,0.26,0.2
1747090561791,2025-05-12T22:56:01.791000,7.791,0.55,0.28,0.05
1747090561801,2025-05-12T22:56:01.801000,7.801,0.54,0.24,-0.16
1747090561811,2025-05-12T22:56:01.811000,7.811,0.45,0.19,-0.15
1747090561821,2025-05-12T22:56:01.821000,7.821,0.34,0.14,-0.12
1747090561831,2025-05-12T22:56:01.831000,7.831,0.2,0.12,-0.25
1747090561840,2025-05-12T22:56:01.840000,7.84,0.08,0.11,-0.44
1747090561851,2025-05-12T22:56:01.851000,7.851,-0.09,0.1,-0.53
1747090561860,2025-05-12T22:56:01.860000,7.86,-0.26,0.1,-0.56
1747090561870,2025-05-12T22:56:01.870000,7.87,-0.3,0.07,-0.58
1747090561880,2025-05-12T22:56:01.880000,7.88,-0.25,-0.02,-0.31
1747090561890,2025-05-12T22:56:01.890000,7.89,-0.16,-0.15,0.16
1747090561900,2025-05-12T22:56:01.900000,7.9,-0.07,-0.24,0.37
1747090561910,2025-05-12T22:56:01.910000,7.91,-0.03,-0.26,0.27
1747090561920,2025-05-12T22:56:01.920000,7.92,-0.0,-0.22,0.12
1747090561930,2025-05-12T22:56:01.930000,7.93,-0.02,-0.14,0.0
1747090561940,2025-05-12T22:56:01.940000,7.94,-0.09,-0.05,-0.08
1747090561950,2025-05-12T22:56:01.950000,7.95,-0.17,0.02,-0.16
1747090561960,2025-05-12T22:56:01.960000,7.96,-0.26,0.04,-0.3
1747090561970,2025-05-12T22:56:01.970000,7.97,-0.32,0.03,-0.4
1747090561980,2025-05-12T22:56:01.980000,7.98,-0.29,-0.03,-0.34
1747090561990,2025-05-12T22:56:01.990000,7.99,-0.2,-0.1,0.03
1747090562000,2025-05-12T22:56:02.000000,8.0,-0.09,-0.18,0.49
1747090562009,2025-05-12T22:56:02.009000,8.009,0.01,-0.23,0.66
1747090562019,2025-05-12T22:56:02.019000,8.019,0.0,-0.24,0.42
1747090562030,2025-05-12T22:56:02.030000,8.03,-0.02,-0.19,0.16
1747090562039,2025-05-12T22:56:02.039000,8.039,-0.02,-0.11,0.0
1747090562050,2025-05-12T22:56:02.050000,8.05,-0.01,-0.06,-0.12
1747090562059,2025-05-12T22:56:02.059000,8.059,0.01,0.01,-0.12
1747090562069,2025-05-12T22:56:02.069000,8.069,-0.01,0.07,-0.13
1747090562079,2025-05-12T22:56:02.079000,8.079,-0.1,0.12,-0.21
1747090562089,2025-05-12T22:56:02.089000,8.089,-0.19,0.16,-0.15
1747090562099,2025-05-12T22:56:02.099000,8.099,-0.29,0.16,0.0
1747090562109,2025-05-12T22:56:02.109000,8.109,-0.47,0.17,-0.04
1747090562119,2025-05-12T22:56:02.119000,8.119,-0.56,0.16,-0.37
1747090562129,2025-05-12T22:56:02.129000,8.129,-0.5,0.12,-0.28
1747090562139,2025-05-12T22:56:02.139000,8.139,-0.4,0.06,-0.32
1747090562149,2025-05-12T22:56:02.149000,8.149,-0.3,-0.04,-0.25
1747090562159,2025-05-12T22:56:02.159000,8.159,-0.16,-0.12,0.21
1747090562169,2025-05-12T22:56:02.169000,8.169,-0.05,-0.16,0.53
1747090562179,2025-05-12T22:56:02.179000,8.179,0.01,-0.16,0.26
1747090562189,2025-05-12T22:56:02.189000,8.189,0.09,-0.13,-0.32
1747090562199,2025-05-12T22:56:02.199000,8.199,0.18,-0.09,-0.63
1747090562209,2025-05-12T22:56:02.209000,8.209,0.24,-0.05,-0.63
1747090562219,2025-05-12T22:56:02.219000,8.219,0.18,-0.02,-0.47
1747090562229,2025-05-12T22:56:02.229000,8.229,0.03,0.03,-0.26
1747090562239,2025-05-12T22:56:02.239000,8.239,0.05,-0.01,-0.09
1747090562248,2025-05-12T22:56:02.248000,8.248,0.09,-0.07,0.05
1747090562258,2025-05-12T22:56:02.258000,8.258,0.2,-0.13,0.14
1747090562268,2025-05-12T22:56:02.268000,8.268,0.31,-0.18,0.11
1747090562278,2025-05-12T22:56:02.278000,8.278,0.33,-0.21,-0.06
1747090562288,2025-05-12T22:56:02.288000,8.288,0.24,-0.23,-0.32
1747090562298,2025-05-12T22:56:02.298000,8.298,-0.0,-0.19,-0.49
1747090562308,2025-05-12T22:56:02.308000,8.308,-0.29,-0.13,-0.46
1747090562318,2025-05-12T22:56:02.318000,8.318,-0.34,-0.08,-0.25
1747090562328,2025-05-12T22:56:02.328000,8.328,-0.16,-0.03,0.08
1747090562338,2025-05-12T22:56:02.338000,8.338,0.07,-0.03,0.25
1747090562348,2025-05-12T22:56:02.348000,8.348,0.16,-0.05,0.11
1747090562358,2025-05-12T22:56:02.358000,8.358,0.12,-0.07,-0.16
1747090562368,2025-05-12T22:56:02.368000,8.368,0.06,-0.05,-0.45
1747090562378,2025-05-12T22:56:02.378000,8.378,0.11,-0.04,-0.47
1747090562388,2025-05-12T22:56:02.388000,8.388,0.34,-0.04,-0.31
1747090562398,2025-05-12T22:56:02.398000,8.398,0.63,-0.04,-0.11
1747090562408,2025-05-12T22:56:02.408000,8.408,0.79,-0.01,-0.12
1747090562417,2025-05-12T22:56:02.417000,8.417,0.75,-0.01,-0.24
1747090562428,2025-05-12T22:56:02.428000,8.428,0.6,-0.01,-0.29
1747090562438,2025-05-12T22:56:02.438000,8.438,0.45,-0.07,-0.3
1747090562448,2025-05-12T22:56:02.448000,8.448,0.35,-0.17,-0.27
1747090562457,2025-05-12T22:56:02.457000,8.457,0.39,-0.29,-0.24
1747090562467,2025-05-12T22:56:02.467000,8.467,0.46,-0.39,-0.2
1747090562477,2025-05-12T22:56:02.477000,8.477,0.47,-0.48,-0.08
1747090562487,2025-05-12T22:56:02.487000,8.487,0.49,-0.51,0.02
1747090562497,2025-05-12T22:56:02.497000,8.497,0.51,-0.51,-0.06
1747090562507,2025-05-12T22:56:02.507000,8.507,0.48,-0.48,-0.16
1747090562517,2025-05-12T22:56:02.517000,8.517,0.38,-0.45,-0.23
1747090562527,2025-05-12T22:56:02.527000,8.527,0.28,-0.41,-0.26
1747090562537,2025-05-12T22:56:02.537000,8.537,0.22,-0.38,-0.32
1747090562547,2025-05-12T22:56:02.547000,8.547,0.23,-0.32,-0.43
1747090562557,2025-05-12T22:56:02.557000,8.557,0.3,-0.26,-0.44
1747090562567,2025-05-12T22:56:02.567000,8.567,0.42,-0.24,-0.5
1747090562577,2025-05-12T22:56:02.577000,8.577,0.45,-0.2,-0.52
1747090562587,2025-05-12T22:56:02.587000,8.587,0.44,-0.17,-0.51
1747090562597,2025-05-12T22:56:02.597000,8.597,0.41,-0.13,-0.63
1747090562606,2025-05-12T22:56:02.606000,8.606,0.39,-0.07,-0.84
1747090562617,2025-05-12T22:56:02.617000,8.617,0.4,-0.01,-0.93
1747090562627,2025-05-12T22:56:02.627000,8.627,0.41,-0.0,-0.94
1747090562636,2025-05-12T22:56:02.636000,8.636,0.41,-0.06,-0.86
1747090562646,2025-05-12T22:56:02.646000,8.646,0.41,-0.16,-0.63
1747090562656,2025-05-12T22:56:02.656000,8.656,0.44,-0.23,-0.53
1747090562666,2025-05-12T22:56:02.666000,8.666,0.43,-0.25,-0.65
1747090562676,2025-05-12T22:56:02.676000,8.676,0.39,-0.19,-0.78
1747090562686,2025-05-12T22:56:02.686000,8.686,0.35,-0.05,-0.88
1747090562696,2025-05-12T22:56:02.696000,8.696,0.35,0.12,-0.97
1747090562706,2025-05-12T22:56:02.706000,8.706,0.33,0.26,-1.13
1747090562716,2025-05-12T22:56:02.716000,8.716,0.28,0.4,-1.35
1747090562726,2025-05-12T22:56:02.726000,8.726,0.25,0.56,-1.39
1747090562736,2025-05-12T22:56:02.736000,8.736,0.3,0.67,-1.35
1747090562746,2025-05-12T22:56:02.746000,8.746,0.35,0.75,-1.2
1747090562756,2025-05-12T22:56:02.756000,8.756,0.36,0.78,-1.08
1747090562766,2025-05-12T22:56:02.766000,8.766,0.28,0.78,-1.02
1747090562776,2025-05-12T22:56:02.776000,8.776,0.21,0.74,-1.1
1747090562786,2025-05-12T22:56:02.786000,8.786,0.2,0.65,-1.14
1747090562796,2025-05-12T22:56:02.796000,8.796,0.28,0.54,-1.17
1747090562806,2025-05-12T22:56:02.806000,8.806,0.35,0.42,-1.19
1747090562816,2025-05-12T22:56:02.816000,8.816,0.33,0.32,-1.21
1747090562826,2025-05-12T22:56:02.826000,8.826,0.23,0.26,-1.28
1747090562835,2025-05-12T22:56:02.835000,8.835,0.14,0.23,-1.35
1747090562845,2025-05-12T22:56:02.845000,8.845,0.09,0.27,-1.58
1747090562855,2025-05-12T22:56:02.855000,8.855,0.1,0.38,-1.78
1747090562865,2025-05-12T22:56:02.865000,8.865,0.05,0.44,-1.7
1747090562875,2025-05-12T22:56:02.875000,8.875,-0.11,0.49,-1.61
1747090562885,2025-05-12T22:56:02.885000,8.885,-0.26,0.49,-1.66
1747090562895,2025-05-12T22:56:02.895000,8.895,-0.32,0.39,-1.64
1747090562905,2025-05-12T22:56:02.905000,8.905,-0.18,0.27,-1.54
1747090562915,2025-05-12T22:56:02.915000,8.915,0.06,0.26,-1.52
1747090562925,2025-05-12T22:56:02.925000,8.925,0.35,0.34,-1.44
1747090562935,2025-05-12T22:56:02.935000,8.935,0.52,0.5,-1.35
1747090562945,2025-05-12T22:56:02.945000,8.945,0.53,0.67,-1.26
1747090562955,2025-05-12T22:56:02.955000,8.955,0.25,0.77,-1.29
1747090562965,2025-05-12T22:56:02.965000,8.965,-0.17,0.71,-1.59
1747090562975,2025-05-12T22:56:02.975000,8.975,-0.52,0.58,-1.89
1747090562985,2025-05-12T22:56:02.985000,8.985,-0.73,0.36,-2.18
1747090562995,2025-05-12T22:56:02.995000,8.995,-0.81,0.1,-2.32
1747090563005,2025-05-12T22:56:03.005000,9.005,-0.79,-0.15,-2.12
1747090563015,2025-05-12T22:56:03.015000,9.015,-0.87,-0.35,-1.48
1747090563025,2025-05-12T22:56:03.025000,9.025,-1.11,-0.5,-0.93
1747090563035,2025-05-12T22:56:03.035000,9.035,-1.28,-0.53,-0.66
1747090563044,2025-05-12T22:56:03.044000,9.044,-0.97,-0.42,-0.67
1747090563054,2025-05-12T22:56:03.054000,9.054,-0.05,-0.27,-0.87
1747090563064,2025-05-12T22:56:03.064000,9.064,1.07,-0.27,-1.06
1747090563074,2025-05-12T22:56:03.074000,9.074,1.92,-0.43,-1.08
1747090563084,2025-05-12T22:56:03.084000,9.084,2.32,-0.77,-1.1
1747090563094,2025-05-12T22:56:03.094000,9.094,2.03,-1.26,-1.39
1747090563104,2025-05-12T22:56:03.104000,9.104,1.13,-1.69,-1.81
1747090563114,2025-05-12T22:56:03.114000,9.114,0.33,-1.87,-2.1
1747090563124,2025-05-12T22:56:03.124000,9.124,-0.12,-1.76,-2.31
1747090563134,2025-05-12T22:56:03.134000,9.134,-0.06,-1.36,-2.25
1747090563144,2025-05-12T22:56:03.144000,9.144,0.07,-0.94,-2.0
1747090563154,2025-05-12T22:56:03.154000,9.154,0.23,-0.61,-1.49
1747090563164,2025-05-12T22:56:03.164000,9.164,0.58,-0.4,-0.94
1747090563174,2025-05-12T22:56:03.174000,9.174,0.82,-0.35,-0.75
1747090563184,2025-05-12T22:56:03.184000,9.184,0.73,-0.44,-0.71
1747090563193,2025-05-12T22:56:03.193000,9.193,0.58,-0.56,-0.66
1747090563204,2025-05-12T22:56:03.204000,9.204,0.41,-0.68,-0.52
1747090563213,2025-05-12T22:56:03.213000,9.213,0.25,-0.75,-0.39
1747090563223,2025-05-12T22:56:03.223000,9.223,0.14,-0.76,-0.57
1747090563234,2025-05-12T22:56:03.234000,9.234,0.07,-0.71,-0.87
1747090563243,2025-05-12T22:56:03.243000,9.243,0.1,-0.62,-1.09
1747090563253,2025-05-12T22:56:03.253000,9.253,0.19,-0.53,-1.13
1747090563263,2025-05-12T22:56:03.263000,9.263,0.17,-0.47,-0.87
1747090563273,2025-05-12T22:56:03.273000,9.273,0.04,-0.53,-0.74
1747090563283,2025-05-12T22:56:03.283000,9.283,-0.1,-0.74,-0.89
1747090563293,2025-05-12T22:56:03.293000,9.293,-0.01,-0.97,-1.95
1747090563303,2025-05-12T22:56:03.303000,9.303,0.4,-1.12,-2.46
1747090563313,2025-05-12T22:56:03.313000,9.313,1.02,-1.14,-2.33
1747090563323,2025-05-12T22:56:03.323000,9.323,1.39,-1.07,-2.57
1747090563333,2025-05-12T22:56:03.333000,9.333,1.51,-0.85,-2.33
1747090563343,2025-05-12T22:56:03.343000,9.343,1.7,-0.41,-1.89
1747090563353,2025-05-12T22:56:03.353000,9.353,2.0,0.1,-1.64
1747090563363,2025-05-12T22:56:03.363000,9.363,2.09,0.53,-1.53
1747090563373,2025-05-12T22:56:03.373000,9.373,1.99,0.98,-1.16
1747090563383,2025-05-12T22:56:03.383000,9.383,1.7,1.39,-0.59
1747090563393,2025-05-12T22:56:03.393000,9.393,1.24,1.6,0.3
1747090563403,2025-05-12T22:56:03.403000,9.403,0.67,1.64,5.9
1747090563413,2025-05-12T22:56:03.413000,9.413,-0.29,1.52,6.53
1747090563422,2025-05-12T22:56:03.422000,9.422,-0.6,1.19,3.05
1747090563432,2025-05-12T22:56:03.432000,9.432,0.19,1.38,3.22
1747090563442,2025-05-12T22:56:03.442000,9.442,1.12,1.7,3.17
1747090563452,2025-05-12T22:56:03.452000,9.452,1.24,1.25,2.39
1747090563462,2025-05-12T22:56:03.462000,9.462,0.87,0.66,1.4
1747090563472,2025-05-12T22:56:03.472000,9.472,0.44,0.61,1.32
1747090563482,2025-05-12T22:56:03.482000,9.482,0.06,0.59,1.95
1747090563492,2025-05-12T22:56:03.492000,9.492,-0.32,0.42,2.25
1747090563502,2025-05-12T22:56:03.502000,9.502,-0.46,0.29,2.5
1747090563512,2025-05-12T22:56:03.512000,9.512,-0.63,0.21,2.87
1747090563522,2025-05-12T22:56:03.522000,9.522,-0.78,0.07,3.1
1747090563532,2025-05-12T22:56:03.532000,9.532,-0.88,-0.02,2.81
1747090563542,2025-05-12T22:56:03.542000,9.542,-1.03,-0.05,2.67
1747090563552,2025-05-12T22:56:03.552000,9.552,-1.1,0.03,2.63
1747090563562,2025-05-12T22:56:03.562000,9.562,-1.05,0.2,2.33
1747090563572,2025-05-12T22:56:03.572000,9.572,-0.93,0.39,2.08
1747090563582,2025-05-12T22:56:03.582000,9.582,-0.85,0.57,1.98
1747090563592,2025-05-12T22:56:03.592000,9.592,-0.75,0.65,1.6
1747090563602,2025-05-12T22:56:03.602000,9.602,-0.71,0.51,1.35
1747090563611,2025-05-12T22:56:03.611000,9.611,-0.71,0.24,1.34
1747090563622,2025-05-12T22:56:03.622000,9.622,-0.67,-0.11,1.44
1747090563632,2025-05-12T22:56:03.632000,9.632,-0.55,-0.42,1.45
1747090563641,2025-05-12T22:56:03.641000,9.641,-0.4,-0.6,1.39
1747090563651,2025-05-12T22:56:03.651000,9.651,-0.21,-0.61,1.58
1747090563661,2025-05-12T22:56:03.661000,9.661,-0.08,-0.48,1.89
1747090563671,2025-05-12T22:56:03.671000,9.671,-0.03,-0.28,1.88
1747090563681,2025-05-12T22:56:03.681000,9.681,-0.03,-0.11,1.82
1747090563691,2025-05-12T22:56:03.691000,9.691,-0.04,0.06,1.93
1747090563701,2025-05-12T22:56:03.701000,9.701,-0.05,0.18,2.02
1747090563711,2025-05-12T22:56:03.711000,9.711,-0.02,0.26,2.25
1747090563721,2025-05-12T22:56:03.721000,9.721,0.01,0.3,2.88
1747090563731,2025-05-12T22:56:03.731000,9.731,0.09,0.32,3.52
1747090563741,2025-05-12T22:56:03.741000,9.741,0.15,0.24,3.7
1747090563751,2025-05-12T22:56:03.751000,9.751,0.18,0.08,3.84
1747090563761,2025-05-12T22:56:03.761000,9.761,0.21,-0.06,4.06
1747090563771,2025-05-12T22:56:03.771000,9.771,0.25,-0.17,4.27
1747090563781,2025-05-12T22:56:03.781000,9.781,0.27,-0.31,4.47
1747090563791,2025-05-12T22:56:03.791000,9.791,0.3,-0.46,4.7
1747090563801,2025-05-12T22:56:03.801000,9.801,0.32,-0.56,5.04
1747090563811,2025-05-12T22:56:03.811000,9.811,0.32,-0.68,4.97
1747090563821,2025-05-12T22:56:03.821000,9.821,0.29,-0.73,4.86
1747090563831,2025-05-12T22:56:03.831000,9.831,0.26,-0.73,4.82
1747090563840,2025-05-12T22:56:03.840000,9.84,0.25,-0.73,4.68
1747090563850,2025-05-12T22:56:03.850000,9.85,0.31,-0.75,4.68
1747090563860,2025-05-12T22:56:03.860000,9.86,0.44,-0.82,4.53
1747090563870,2025-05-12T22:56:03.870000,9.87,0.49,-0.9,4.4
1747090563880,2025-05-12T22:56:03.880000,9.88,0.52,-0.93,4.27
1747090563890,2025-05-12T22:56:03.890000,9.89,0.48,-0.89,3.9
1747090563900,2025-05-12T22:56:03.900000,9.9,0.29,-0.71,3.53
1747090563910,2025-05-12T22:56:03.910000,9.91,0.1,-0.42,3.17
1747090563920,2025-05-12T22:56:03.920000,9.92,0.03,-0.11,2.92
1747090563930,2025-05-12T22:56:03.930000,9.93,0.05,0.11,2.67
1747090563940,2025-05-12T22:56:03.940000,9.94,0.12,0.22,2.48
1747090563950,2025-05-12T22:56:03.950000,9.95,0.24,0.28,2.38
1747090563960,2025-05-12T22:56:03.960000,9.96,0.26,0.29,2.37
1747090563970,2025-05-12T22:56:03.970000,9.97,0.13,0.25,2.37
1747090563980,2025-05-12T22:56:03.980000,9.98,-0.02,0.18,2.29
1747090563990,2025-05-12T22:56:03.990000,9.99,-0.12,0.08,2.14
1747090564000,2025-05-12T22:56:04.000000,10.0,-0.05,-0.06,2.11
1747090564009,2025-05-12T22:56:04.009000,10.009,0.12,-0.24,1.91
1747090564019,2025-05-12T22:56:04.019000,10.019,0.27,-0.43,1.6
1747090564029,2025-05-12T22:56:04.029000,10.029,0.29,-0.61,1.46
1747090564039,2025-05-12T22:56:04.039000,10.039,0.24,-0.74,1.43
1747090564049,2025-05-12T22:56:04.049000,10.049,0.18,-0.84,1.45
1747090564059,2025-05-12T22:56:04.059000,10.059,0.18,-0.92,1.41
1747090564069,2025-05-12T22:56:04.069000,10.069,0.21,-1.04,1.21
1747090564079,2025-05-12T22:56:04.079000,10.079,0.27,-1.15,0.7
1747090564089,2025-05-12T22:56:04.089000,10.089,0.35,-1.22,-0.11
1747090564099,2025-05-12T22:56:04.099000,10.099,0.46,-1.19,-0.71
1747090564109,2025-05-12T22:56:04.109000,10.109,0.64,-1.03,-0.87
1747090564119,2025-05-12T22:56:04.119000,10.119,0.79,-0.72,-0.82
1747090564129,2025-05-12T22:56:04.129000,10.129,0.91,-0.32,-0.34
1747090564139,2025-05-12T22:56:04.139000,10.139,0.93,0.06,0.25
1747090564149,2025-05-12T22:56:04.149000,10.149,0.86,0.28,0.53
1747090564159,2025-05-12T22:56:04.159000,10.159,0.67,0.21,0.52
1747090564169,2025-05-12T22:56:04.169000,10.169,0.2,-0.06,0.16
1747090564179,2025-05-12T22:56:04.179000,10.179,-0.23,-0.31,-0.5
1747090564189,2025-05-12T22:56:04.189000,10.189,-0.46,-0.4,-1.16
1747090564199,2025-05-12T22:56:04.199000,10.199,-0.53,-0.25,-1.69
1747090564209,2025-05-12T22:56:04.209000,10.209,-0.39,0.08,-2.09
1747090564219,2025-05-12T22:56:04.219000,10.219,-0.17,0.43,-2.22
1747090564228,2025-05-12T22:56:04.228000,10.228,0.02,0.62,-2.25
1747090564238,2025-05-12T22:56:04.238000,10.238,0.04,0.64,-2.43
1747090564248,2025-05-12T22:56:04.248000,10.248,-0.01,0.54,-2.74
1747090564258,2025-05-12T22:56:04.258000,10.258,-0.07,0.46,-3.0
1747090564268,2025-05-12T22:56:04.268000,10.268,-0.04,0.39,-3.26
1747090564278,2025-05-12T22:56:04.278000,10.278,0.12,0.36,-3.38
1747090564288,2025-05-12T22:56:04.288000,10.288,0.32,0.36,-3.25
1747090564298,2025-05-12T22:56:04.298000,10.298,0.51,0.36,-3.14
1747090564308,2025-05-12T22:56:04.308000,10.308,0.56,0.32,-3.0
1747090564318,2025-05-12T22:56:04.318000,10.318,0.44,0.25,-2.85
1747090564328,2025-05-12T22:56:04.328000,10.328,0.12,0.22,-2.76
1747090564338,2025-05-12T22:56:04.338000,10.338,-0.24,0.24,-2.56
1747090564348,2025-05-12T22:56:04.348000,10.348,-0.47,0.24,-2.33
1747090564358,2025-05-12T22:56:04.358000,10.358,-0.54,0.22,-2.21
1747090564368,2025-05-12T22:56:04.368000,10.368,-0.46,0.2,-2.1
1747090564378,2025-05-12T22:56:04.378000,10.378,-0.2,0.21,-2.03
1747090564388,2025-05-12T22:56:04.388000,10.388,0.06,0.26,-2.14
1747090564398,2025-05-12T22:56:04.398000,10.398,0.25,0.37,-2.25
1747090564407,2025-05-12T22:56:04.407000,10.407,0.35,0.46,-2.16
1747090564418,2025-05-12T22:56:04.418000,10.418,0.3,0.47,-1.89
1747090564427,2025-05-12T22:56:04.427000,10.427,0.08,0.38,-1.63
1747090564437,2025-05-12T22:56:04.437000,10.437,-0.18,0.25,-1.68
1747090564447,2025-05-12T22:56:04.447000,10.447,-0.34,0.23,-1.95
1747090564457,2025-05-12T22:56:04.457000,10.457,-0.24,0.3,-1.95
1747090564467,2025-05-12T22:56:04.467000,10.467,0.08,0.45,-1.84
1747090564477,2025-05-12T22:56:04.477000,10.477,0.42,0.59,-1.88
1747090564487,2025-05-12T22:56:04.487000,10.487,0.59,0.71,-1.92
1747090564497,2025-05-12T22:56:04.497000,10.497,0.61,0.74,-1.93
1747090564507,2025-05-12T22:56:04.507000,10.507,0.49,0.73,-1.91
1747090564517,2025-05-12T22:56:04.517000,10.517,0.28,0.7,-1.9
1747090564527,2025-05-12T22:56:04.527000,10.527,0.11,0.63,-1.8
1747090564537,2025-05-12T22:56:04.537000,10.537,0.12,0.58,-1.59
1747090564547,2025-05-12T22:56:04.547000,10.547,0.22,0.5,-1.44
1747090564557,2025-05-12T22:56:04.557000,10.557,0.31,0.41,-1.4
1747090564567,2025-05-12T22:56:04.567000,10.567,0.4,0.26,-1.43
1747090564577,2025-05-12T22:56:04.577000,10.577,0.55,0.14,-1.49
1747090564587,2025-05-12T22:56:04.587000,10.587,0.72,0.09,-1.63
1747090564597,2025-05-12T22:56:04.597000,10.597,0.89,0.14,-1.64
1747090564606,2025-05-12T22:56:04.606000,10.606,0.92,0.26,-1.51
1747090564617,2025-05-12T22:56:04.617000,10.617,0.74,0.4,-1.32
1747090564626,2025-05-12T22:56:04.626000,10.626,0.54,0.5,-1.22
1747090564636,2025-05-12T22:56:04.636000,10.636,0.35,0.57,-1.09
1747090564646,2025-05-12T22:56:04.646000,10.646,0.24,0.62,-1.09
1747090564656,2025-05-12T22:56:04.656000,10.656,0.31,0.62,-1.13
1747090564666,2025-05-12T22:56:04.666000,10.666,0.5,0.59,-1.05
1747090564676,2025-05-12T22:56:04.676000,10.676,0.67,0.53,-0.86
1747090564686,2025-05-12T22:56:04.686000,10.686,0.73,0.46,-0.73
1747090564696,2025-05-12T22:56:04.696000,10.696,0.6,0.4,-0.65
1747090564706,2025-05-12T22:56:04.706000,10.706,0.35,0.34,-0.57
1747090564716,2025-05-12T22:56:04.716000,10.716,0.16,0.33,-0.57
1747090564726,2025-05-12T22:56:04.726000,10.726,0.06,0.38,-0.71
1747090564736,2025-05-12T22:56:04.736000,10.736,-0.01,0.49,-0.83
1747090564746,2025-05-12T22:56:04.746000,10.746,-0.04,0.63,-0.89
1747090564756,2025-05-12T22:56:04.756000,10.756,-0.07,0.78,-0.94
1747090564766,2025-05-12T22:56:04.766000,10.766,-0.12,0.87,-0.95
1747090564776,2025-05-12T22:56:04.776000,10.776,-0.19,0.92,-0.99
1747090564786,2025-05-12T22:56:04.786000,10.786,-0.28,0.89,-1.02
1747090564796,2025-05-12T22:56:04.796000,10.796,-0.34,0.83,-1.15
1747090564805,2025-05-12T22:56:04.805000,10.805,-0.32,0.73,-1.37
1747090564815,2025-05-12T22:56:04.815000,10.815,-0.23,0.6,-1.6
1747090564825,2025-05-12T22:56:04.825000,10.825,-0.07,0.39,-1.78
1747090564835,2025-05-12T22:56:04.835000,10.835,0.05,0.04,-1.81
1747090564845,2025-05-12T22:56:04.845000,10.845,0.09,-0.35,-1.88
1747090564855,2025-05-12T22:56:04.855000,10.855,0.1,-0.67,-2.13
1747090564865,2025-05-12T22:56:04.865000,10.865,0.19,-0.72,-2.36
1747090564875,2025-05-12T22:56:04.875000,10.875,0.19,-0.87,-2.52
1747090564885,2025-05-12T22:56:04.885000,10.885,0.21,-1.01,-3.0
1747090564895,2025-05-12T22:56:04.895000,10.895,0.28,-1.11,-3.69
1747090564905,2025-05-12T22:56:04.905000,10.905,0.41,-1.15,-4.33
1747090564915,2025-05-12T22:56:04.915000,10.915,0.53,-1.11,-4.36
1747090564925,2025-05-12T22:56:04.925000,10.925,0.53,-1.05,-3.91
1747090564935,2025-05-12T22:56:04.935000,10.935,0.39,-0.97,-3.79
1747090564945,2025-05-12T22:56:04.945000,10.945,0.19,-0.89,-3.98
1747090564955,2025-05-12T22:56:04.955000,10.955,0.07,-0.78,-4.22
1747090564965,2025-05-12T22:56:04.965000,10.965,0.02,-0.64,-4.09
1747090564975,2025-05-12T22:56:04.975000,10.975,0.03,-0.46,-3.95
1747090564985,2025-05-12T22:56:04.985000,10.985,0.11,-0.32,-3.75
1747090564994,2025-05-12T22:56:04.994000,10.994,0.19,-0.2,-3.61
1747090565005,2025-05-12T22:56:05.005000,11.005,0.2,-0.14,-3.68
1747090565014,2025-05-12T22:56:05.014000,11.014,0.23,-0.09,-3.57
1747090565024,2025-05-12T22:56:05.024000,11.024,0.28,-0.07,-3.63
1747090565034,2025-05-12T22:56:05.034000,11.034,0.36,-0.09,-3.62
1747090565044,2025-05-12T22:56:05.044000,11.044,0.38,-0.12,-3.27
1747090565054,2025-05-12T22:56:05.054000,11.054,0.36,-0.19,-3.16
1747090565064,2025-05-12T22:56:05.064000,11.064,0.28,-0.24,-3.11
1747090565074,2025-05-12T22:56:05.074000,11.074,0.11,-0.3,-2.85
1747090565084,2025-05-12T22:56:05.084000,11.084,-0.11,-0.27,-2.54
1747090565094,2025-05-12T22:56:05.094000,11.094,-0.35,-0.19,-2.15
1747090565104,2025-05-12T22:56:05.104000,11.104,-0.57,-0.06,-1.67
1747090565114,2025-05-12T22:56:05.114000,11.114,-0.81,0.03,-0.86
1747090565124,2025-05-12T22:56:05.124000,11.124,-1.02,0.13,0.2
1747090565134,2025-05-12T22:56:05.134000,11.134,-1.13,0.21,0.58
1747090565144,2025-05-12T22:56:05.144000,11.144,-1.15,0.23,0.46
1747090565154,2025-05-12T22:56:05.154000,11.154,-1.11,0.23,0.54
1747090565164,2025-05-12T22:56:05.164000,11.164,-0.98,0.2,0.62
1747090565174,2025-05-12T22:56:05.174000,11.174,-0.82,0.09,0.74
1747090565184,2025-05-12T22:56:05.184000,11.184,-0.59,-0.04,0.66
1747090565194,2025-05-12T22:56:05.194000,11.194,-0.29,-0.18,0.36
1747090565203,2025-05-12T22:56:05.203000,11.203,-0.0,-0.27,0.1
1747090565213,2025-05-12T22:56:05.213000,11.213,0.23,-0.27,-0.22
1747090565223,2025-05-12T22:56:05.223000,11.223,0.28,-0.25,-0.29
1747090565233,2025-05-12T22:56:05.233000,11.233,0.17,-0.22,-0.42
1747090565243,2025-05-12T22:56:05.243000,11.243,-0.06,-0.2,-0.6
1747090565253,2025-05-12T22:56:05.253000,11.253,-0.23,-0.18,-0.8
1747090565263,2025-05-12T22:56:05.263000,11.263,-0.32,-0.13,-0.94
1747090565273,2025-05-12T22:56:05.273000,11.273,-0.42,-0.09,-0.61
1747090565283,2025-05-12T22:56:05.283000,11.283,-0.55,-0.11,-0.3
1747090565293,2025-05-12T22:56:05.293000,11.293,-0.6,-0.15,-0.11
1747090565303,2025-05-12T22:56:05.303000,11.303,-0.64,-0.23,0.24
1747090565313,2025-05-12T22:56:05.313000,11.313,-0.61,-0.34,0.57
1747090565323,2025-05-12T22:56:05.323000,11.323,-0.51,-0.44,0.94
1747090565333,2025-05-12T22:56:05.333000,11.333,-0.42,-0.48,1.25
1747090565343,2025-05-12T22:56:05.343000,11.343,-0.38,-0.46,1.54
1747090565353,2025-05-12T22:56:05.353000,11.353,-0.44,-0.38,1.79
1747090565363,2025-05-12T22:56:05.363000,11.363,-0.56,-0.25,2.25
1747090565373,2025-05-12T22:56:05.373000,11.373,-0.6,-0.08,2.73
1747090565383,2025-05-12T22:56:05.383000,11.383,-0.49,0.08,2.88
1747090565392,2025-05-12T22:56:05.392000,11.392,-0.29,0.23,3.09
1747090565403,2025-05-12T22:56:05.403000,11.403,-0.14,0.39,3.26
1747090565412,2025-05-12T22:56:05.412000,11.412,-0.02,0.6,3.26
1747090565422,2025-05-12T22:56:05.422000,11.422,0.08,0.85,3.18
1747090565432,2025-05-12T22:56:05.432000,11.432,0.13,1.12,3.07
1747090565442,2025-05-12T22:56:05.442000,11.442,0.16,1.31,2.98
1747090565452,2025-05-12T22:56:05.452000,11.452,0.12,1.34,2.88
1747090565462,2025-05-12T22:56:05.462000,11.462,0.12,1.24,2.54
1747090565472,2025-05-12T22:56:05.472000,11.472,0.14,1.05,2.32
1747090565482,2025-05-12T22:56:05.482000,11.482,0.22,0.79,2.18
1747090565492,2025-05-12T22:56:05.492000,11.492,0.32,0.54,2.23
1747090565502,2025-05-12T22:56:05.502000,11.502,0.44,0.35,2.35
1747090565512,2025-05-12T22:56:05.512000,11.512,0.62,0.2,2.45
1747090565522,2025-05-12T22:56:05.522000,11.522,0.8,0.09,2.61
1747090565532,2025-05-12T22:56:05.532000,11.532,0.94,-0.02,2.85
1747090565542,2025-05-12T22:56:05.542000,11.542,1.01,-0.16,3.13
1747090565552,2025-05-12T22:56:05.552000,11.552,1.01,-0.35,3.21
1747090565562,2025-05-12T22:56:05.562000,11.562,0.96,-0.54,3.16
1747090565572,2025-05-12T22:56:05.572000,11.572,0.92,-0.69,3.16
1747090565582,2025-05-12T22:56:05.582000,11.582,0.91,-0.8,3.08
1747090565592,2025-05-12T22:56:05.592000,11.592,0.9,-0.85,2.98
1747090565602,2025-05-12T22:56:05.602000,11.602,0.92,-0.85,3.22
1747090565611,2025-05-12T22:56:05.611000,11.611,1.01,-0.82,4.69
1747090565621,2025-05-12T22:56:05.621000,11.621,1.11,-0.85,6.03
1747090565631,2025-05-12T22:56:05.631000,11.631,1.61,-0.82,5.34
1747090565641,2025-05-12T22:56:05.641000,11.641,2.34,-0.73,4.82
1747090565651,2025-05-12T22:56:05.651000,11.651,2.91,-0.74,4.31
1747090565661,2025-05-12T22:56:05.661000,11.661,2.83,-0.81,3.41
1747090565671,2025-05-12T22:56:05.671000,11.671,1.61,-0.79,2.91
1747090565681,2025-05-12T22:56:05.681000,11.681,0.43,-0.63,2.72
1747090565691,2025-05-12T22:56:05.691000,11.691,0.08,-0.44,2.75
1747090565701,2025-05-12T22:56:05.701000,11.701,0.16,-0.3,3.13
1747090565711,2025-05-12T22:56:05.711000,11.711,0.35,-0.25,3.02
1747090565721,2025-05-12T22:56:05.721000,11.721,0.34,-0.15,2.39
1747090565731,2025-05-12T22:56:05.731000,11.731,0.17,-0.01,2.14
1747090565741,2025-05-12T22:56:05.741000,11.741,-0.11,0.08,2.34
1747090565751,2025-05-12T22:56:05.751000,11.751,-0.32,0.14,2.4
1747090565761,2025-05-12T22:56:05.761000,11.761,-0.39,0.1,2.33
1747090565771,2025-05-12T22:56:05.771000,11.771,-0.4,-0.06,2.23
1747090565781,2025-05-12T22:56:05.781000,11.781,-0.36,-0.2,2.35
1747090565790,2025-05-12T22:56:05.790000,11.79,-0.21,-0.37,2.44
1747090565801,2025-05-12T22:56:05.801000,11.801,0.01,-0.54,2.14
1747090565810,2025-05-12T22:56:05.810000,11.81,0.12,-0.65,2.0
1747090565820,2025-05-12T22:56:05.820000,11.82,0.03,-0.7,2.23
1747090565830,2025-05-12T22:56:05.830000,11.83,-0.2,-0.69,2.45
1747090565840,2025-05-12T22:56:05.840000,11.84,-0.29,-0.62,2.36
1747090565850,2025-05-12T22:56:05.850000,11.85,-0.15,-0.47,2.25
1747090565860,2025-05-12T22:56:05.860000,11.86,0.16,-0.3,2.2
1747090565870,2025-05-12T22:56:05.870000,11.87,0.47,-0.16,1.94
1747090565880,2025-05-12T22:56:05.880000,11.88,0.74,-0.03,1.84
1747090565890,2025-05-12T22:56:05.890000,11.89,0.99,0.07,1.88
1747090565900,2025-05-12T22:56:05.900000,11.9,1.19,0.12,2.02
1747090565910,2025-05-12T22:56:05.910000,11.91,1.26,0.12,2.19
1747090565920,2025-05-12T22:56:05.920000,11.92,1.18,0.15,2.37
1747090565930,2025-05-12T22:56:05.930000,11.93,0.97,0.11,2.53
1747090565940,2025-05-12T22:56:05.940000,11.94,0.82,0.05,2.83
1747090565950,2025-05-12T22:56:05.950000,11.95,0.72,-0.03,2.94
1747090565960,2025-05-12T22:56:05.960000,11.96,0.54,-0.09,2.79
1747090565970,2025-05-12T22:56:05.970000,11.97,0.27,-0.23,2.56
1747090565980,2025-05-12T22:56:05.980000,11.98,0.0,-0.36,2.18
1747090565989,2025-05-12T22:56:05.989000,11.989,-0.17,-0.42,1.65
1747090565999,2025-05-12T22:56:05.999000,11.999,-0.2,-0.35,1.14
1747090566009,2025-05-12T22:56:06.009000,12.009,-0.09,-0.16,0.62
1747090566019,2025-05-12T22:56:06.019000,12.019,0.17,0.14,0.26
1747090566029,2025-05-12T22:56:06.029000,12.029,0.54,0.34,0.02
1747090566039,2025-05-12T22:56:06.039000,12.039,0.82,0.29,-0.12
1747090566049,2025-05-12T22:56:06.049000,12.049,0.91,0.01,-0.11
1747090566059,2025-05-12T22:56:06.059000,12.059,0.69,-0.45,-0.2
1747090566069,2025-05-12T22:56:06.069000,12.069,0.18,-0.91,-0.25
1747090566079,2025-05-12T22:56:06.079000,12.079,-0.3,-1.12,-0.11
1747090566089,2025-05-12T22:56:06.089000,12.089,-0.41,-1.04,-0.36
1747090566099,2025-05-12T22:56:06.099000,12.099,-0.06,-0.76,-0.87
1747090566109,2025-05-12T22:56:06.109000,12.109,0.45,-0.38,-1.11
1747090566119,2025-05-12T22:56:06.119000,12.119,0.78,-0.1,-1.31
1747090566129,2025-05-12T22:56:06.129000,12.129,0.88,-0.02,-1.51
1747090566139,2025-05-12T22:56:06.139000,12.139,0.78,-0.12,-1.55
1747090566149,2025-05-12T22:56:06.149000,12.149,0.56,-0.33,-1.33
1747090566159,2025-05-12T22:56:06.159000,12.159,0.34,-0.5,-1.06
1747090566169,2025-05-12T22:56:06.169000,12.169,0.25,-0.55,-0.96
1747090566179,2025-05-12T22:56:06.179000,12.179,0.28,-0.42,-0.97
1747090566189,2025-05-12T22:56:06.189000,12.189,0.39,-0.2,-0.9
1747090566198,2025-05-12T22:56:06.198000,12.198,0.44,-0.01,-0.74
1747090566209,2025-05-12T22:56:06.209000,12.209,0.29,0.03,-0.54
1747090566218,2025-05-12T22:56:06.218000,12.218,0.03,-0.11,-0.34
1747090566228,2025-05-12T22:56:06.228000,12.228,-0.31,-0.35,-0.38
1747090566238,2025-05-12T22:56:06.238000,12.238,-0.56,-0.39,-0.53
1747090566248,2025-05-12T22:56:06.248000,12.248,-0.69,-0.13,-0.72
1747090566258,2025-05-12T22:56:06.258000,12.258,-0.66,0.27,-0.91
1747090566268,2025-05-12T22:56:06.268000,12.268,-0.56,0.67,-0.78
1747090566278,2025-05-12T22:56:06.278000,12.278,-0.44,0.95,-0.44
1747090566288,2025-05-12T22:56:06.288000,12.288,-0.4,1.02,-0.19
1747090566298,2025-05-12T22:56:06.298000,12.298,-0.5,0.87,-0.05
1747090566308,2025-05-12T22:56:06.308000,12.308,-0.72,0.59,0.07
1747090566318,2025-05-12T22:56:06.318000,12.318,-0.96,0.27,0.04
1747090566328,2025-05-12T22:56:06.328000,12.328,-1.14,0.01,-0.44
1747090566338,2025-05-12T22:56:06.338000,12.338,-1.19,-0.11,-1.08
1747090566348,2025-05-12T22:56:06.348000,12.348,-1.16,-0.12,-1.58
1747090566358,2025-05-12T22:56:06.358000,12.358,-1.04,-0.03,-2.0
1747090566368,2025-05-12T22:56:06.368000,12.368,-0.78,0.04,-2.33
1747090566378,2025-05-12T22:56:06.378000,12.378,-0.43,0.08,-2.5
1747090566387,2025-05-12T22:56:06.387000,12.387,-0.15,0.07,-2.76
1747090566397,2025-05-12T22:56:06.397000,12.397,0.05,0.09,-3.03
1747090566407,2025-05-12T22:56:06.407000,12.407,0.21,0.08,-3.04
1747090566417,2025-05-12T22:56:06.417000,12.417,0.32,0.09,-2.74
1747090566427,2025-05-12T22:56:06.427000,12.427,0.36,0.02,-2.27
1747090566437,2025-05-12T22:56:06.437000,12.437,0.33,-0.17,-1.99
1747090566447,2025-05-12T22:56:06.447000,12.447,0.21,-0.44,-2.07
1747090566457,2025-05-12T22:56:06.457000,12.457,0.15,-0.66,-2.28
1747090566467,2025-05-12T22:56:06.467000,12.467,0.16,-0.79,-2.28
1747090566477,2025-05-12T22:56:06.477000,12.477,0.2,-0.84,-2.2
1747090566487,2025-05-12T22:56:06.487000,12.487,0.15,-0.8,-2.24
1747090566497,2025-05-12T22:56:06.497000,12.497,-0.06,-0.68,-2.09
1747090566507,2025-05-12T22:56:06.507000,12.507,-0.45,-0.52,-1.92
1747090566517,2025-05-12T22:56:06.517000,12.517,-0.76,-0.32,-1.47
1747090566527,2025-05-12T22:56:06.527000,12.527,-0.87,-0.1,-0.63
1747090566537,2025-05-12T22:56:06.537000,12.537,-0.77,0.03,-1.05
1747090566547,2025-05-12T22:56:06.547000,12.547,-0.49,0.15,-1.7
1747090566557,2025-05-12T22:56:06.557000,12.557,-0.19,0.31,-1.82
1747090566567,2025-05-12T22:56:06.567000,12.567,0.02,0.39,-2.0
1747090566577,2025-05-12T22:56:06.577000,12.577,-0.02,0.28,-2.4
1747090566587,2025-05-12T22:56:06.587000,12.587,-0.02,0.2,-2.63
1747090566597,2025-05-12T22:56:06.597000,12.597,-0.0,0.21,-2.52
1747090566607,2025-05-12T22:56:06.607000,12.607,0.0,0.22,-2.17
1747090566617,2025-05-12T22:56:06.617000,12.617,-0.09,0.22,-2.08
1747090566626,2025-05-12T22:56:06.626000,12.626,-0.23,0.2,-1.99
1747090566636,2025-05-12T22:56:06.636000,12.636,-0.33,0.23,-1.81
1747090566646,2025-05-12T22:56:06.646000,12.646,-0.38,0.24,-1.63
1747090566656,2025-05-12T22:56:06.656000,12.656,-0.37,0.23,-1.41
1747090566666,2025-05-12T22:56:06.666000,12.666,-0.33,0.2,-1.25
1747090566676,2025-05-12T22:56:06.676000,12.676,-0.28,0.15,-1.17
1747090566686,2025-05-12T22:56:06.686000,12.686,-0.2,0.09,-1.04
1747090566696,2025-05-12T22:56:06.696000,12.696,-0.13,-0.01,-0.92
1747090566706,2025-05-12T22:56:06.706000,12.706,-0.02,-0.06,-0.9
1747090566716,2025-05-12T22:56:06.716000,12.716,0.04,-0.07,-0.85
1747090566726,2025-05-12T22:56:06.726000,12.726,0.08,-0.05,-0.85
1747090566736,2025-05-12T22:56:06.736000,12.736,0.1,-0.02,-0.8
1747090566746,2025-05-12T22:56:06.746000,12.746,0.1,0.02,-0.77
1747090566756,2025-05-12T22:56:06.756000,12.756,0.06,0.07,-0.81
1747090566766,2025-05-12T22:56:06.766000,12.766,0.07,0.08,-0.87
1747090566776,2025-05-12T22:56:06.776000,12.776,0.12,0.08,-0.97
1747090566786,2025-05-12T22:56:06.786000,12.786,0.15,0.08,-0.99
1747090566795,2025-05-12T22:56:06.795000,12.795,0.15,0.05,-0.91
1747090566806,2025-05-12T22:56:06.806000,12.806,0.2,-0.0,-0.95
1747090566815,2025-05-12T22:56:06.815000,12.815,0.26,-0.09,-1.03
1747090566825,2025-05-12T22:56:06.825000,12.825,0.39,-0.1,-1.01
1747090566835,2025-05-12T22:56:06.835000,12.835,0.53,-0.12,-0.89
1747090566845,2025-05-12T22:56:06.845000,12.845,0.65,-0.11,-0.78
1747090566855,2025-05-12T22:56:06.855000,12.855,0.71,-0.08,-0.61
1747090566865,2025-05-12T22:56:06.865000,12.865,0.73,-0.03,-0.59
1747090566875,2025-05-12T22:56:06.875000,12.875,0.71,0.07,-0.57
1747090566885,2025-05-12T22:56:06.885000,12.885,0.61,0.18,-0.61
1747090566895,2025-05-12T22:56:06.895000,12.895,0.47,0.25,-0.39
1747090566905,2025-05-12T22:56:06.905000,12.905,0.36,0.29,-0.15
1747090566915,2025-05-12T22:56:06.915000,12.915,0.28,0.28,-0.18
1747090566925,2025-05-12T22:56:06.925000,12.925,0.16,0.25,-0.36
1747090566935,2025-05-12T22:56:06.935000,12.935,0.07,0.17,-0.3
1747090566945,2025-05-12T22:56:06.945000,12.945,0.02,0.11,-0.19
1747090566955,2025-05-12T22:56:06.955000,12.955,-0.02,0.06,-0.27
1747090566965,2025-05-12T22:56:06.965000,12.965,-0.04,0.06,-0.33
1747090566975,2025-05-12T22:56:06.975000,12.975,-0.04,0.13,-0.29
1747090566985,2025-05-12T22:56:06.985000,12.985,-0.02,0.24,-0.22
1747090566994,2025-05-12T22:56:06.994000,12.994,-0.04,0.34,-0.06
1747090567005,2025-05-12T22:56:07.005000,13.005,-0.06,0.38,0.16
1747090567014,2025-05-12T22:56:07.014000,13.014,-0.14,0.38,0.27
1747090567024,2025-05-12T22:56:07.024000,13.024,-0.2,0.33,0.26
1747090567034,2025-05-12T22:56:07.034000,13.034,-0.25,0.25,0.12
1747090567044,2025-05-12T22:56:07.044000,13.044,-0.23,0.19,-0.02
1747090567054,2025-05-12T22:56:07.054000,13.054,-0.08,0.11,-0.1
1747090567064,2025-05-12T22:56:07.064000,13.064,0.11,0.06,-0.0
1747090567074,2025-05-12T22:56:07.074000,13.074,0.26,0.01,0.18
1747090567084,2025-05-12T22:56:07.084000,13.084,0.37,-0.04,0.11
1747090567094,2025-05-12T22:56:07.094000,13.094,0.47,-0.09,0.11
1747090567104,2025-05-12T22:56:07.104000,13.104,0.55,-0.14,0.15
1747090567114,2025-05-12T22:56:07.114000,13.114,0.54,-0.14,0.04
1747090567124,2025-05-12T22:56:07.124000,13.124,0.46,-0.14,-0.19
1747090567134,2025-05-12T22:56:07.134000,13.134,0.38,-0.11,-0.22
1747090567144,2025-05-12T22:56:07.144000,13.144,0.32,-0.13,0.09
1747090567154,2025-05-12T22:56:07.154000,13.154,0.35,-0.17,0.14
1747090567164,2025-05-12T22:56:07.164000,13.164,0.4,-0.22,-0.07
1747090567174,2025-05-12T22:56:07.174000,13.174,0.45,-0.27,-0.15
1747090567184,2025-05-12T22:56:07.184000,13.184,0.44,-0.27,-0.31
1747090567193,2025-05-12T22:56:07.193000,13.193,0.38,-0.27,-0.38
1747090567203,2025-05-12T22:56:07.203000,13.203,0.31,-0.22,-0.44
1747090567213,2025-05-12T22:56:07.213000,13.213,0.27,-0.17,-0.4
1747090567223,2025-05-12T22:56:07.223000,13.223,0.24,-0.13,-0.33
1747090567233,2025-05-12T22:56:07.233000,13.233,0.24,-0.15,-0.32
1747090567243,2025-05-12T22:56:07.243000,13.243,0.3,-0.18,-0.27
1747090567253,2025-05-12T22:56:07.253000,13.253,0.46,-0.22,-0.03
1747090567263,2025-05-12T22:56:07.263000,13.263,0.55,-0.22,0.1
1747090567273,2025-05-12T22:56:07.273000,13.273,0.65,-0.23,-0.1
1747090567283,2025-05-12T22:56:07.283000,13.283,0.74,-0.25,-0.17
1747090567293,2025-05-12T22:56:07.293000,13.293,0.78,-0.25,-0.06
1747090567303,2025-05-12T22:56:07.303000,13.303,0.85,-0.29,0.11
1747090567313,2025-05-12T22:56:07.313000,13.313,1.0,-0.4,0.48
1747090567323,2025-05-12T22:56:07.323000,13.323,1.29,-0.52,1.01
1747090567333,2025-05-12T22:56:07.333000,13.333,1.53,-0.61,1.02
1747090567343,2025-05-12T22:56:07.343000,13.343,1.56,-0.68,0.93
1747090567353,2025-05-12T22:56:07.353000,13.353,1.42,-0.6,0.33
1747090567363,2025-05-12T22:56:07.363000,13.363,1.22,-0.43,-0.07
1747090567373,2025-05-12T22:56:07.373000,13.373,0.94,-0.2,-0.09
1747090567383,2025-05-12T22:56:07.383000,13.383,0.68,0.06,-0.14
1747090567393,2025-05-12T22:56:07.393000,13.393,0.47,0.15,-0.36
1747090567402,2025-05-12T22:56:07.402000,13.402,0.26,0.15,-0.46
1747090567412,2025-05-12T22:56:07.412000,13.412,0.11,0.16,-0.39
1747090567422,2025-05-12T22:56:07.422000,13.422,0.02,0.16,-0.42
1747090567432,2025-05-12T22:56:07.432000,13.432,-0.01,0.14,-0.47
1747090567442,2025-05-12T22:56:07.442000,13.442,0.03,0.23,-0.52
1747090567452,2025-05-12T22:56:07.452000,13.452,0.14,0.31,-0.63
1747090567462,2025-05-12T22:56:07.462000,13.462,0.34,0.39,-0.78
1747090567472,2025-05-12T22:56:07.472000,13.472,0.5,0.4,-0.85
1747090567482,2025-05-12T22:56:07.482000,13.482,0.51,0.31,-0.75
1747090567492,2025-05-12T22:56:07.492000,13.492,0.41,0.17,-0.58
1747090567502,2025-05-12T22:56:07.502000,13.502,0.33,0.03,-0.47
1747090567512,2025-05-12T22:56:07.512000,13.512,0.36,-0.06,-0.47
1747090567522,2025-05-12T22:56:07.522000,13.522,0.44,-0.02,-0.57
1747090567532,2025-05-12T22:56:07.532000,13.532,0.43,0.07,-0.53
1747090567542,2025-05-12T22:56:07.542000,13.542,0.34,0.2,-0.4
1747090567552,2025-05-12T22:56:07.552000,13.552,0.27,0.32,-0.33
1747090567562,2025-05-12T22:56:07.562000,13.562,0.23,0.38,-0.31
1747090567572,2025-05-12T22:56:07.572000,13.572,0.23,0.37,-0.3
1747090567582,2025-05-12T22:56:07.582000,13.582,0.18,0.28,-0.32
1747090567592,2025-05-12T22:56:07.592000,13.592,0.1,0.14,-0.28
1747090567602,2025-05-12T22:56:07.602000,13.602,0.05,-0.03,-0.14
1747090567611,2025-05-12T22:56:07.611000,13.611,0.03,-0.14,-0.05
1747090567621,2025-05-12T22:56:07.621000,13.621,0.1,-0.24,0.03
1747090567631,2025-05-12T22:56:07.631000,13.631,0.19,-0.25,0.03
1747090567641,2025-05-12T22:56:07.641000,13.641,0.21,-0.21,0.02
1747090567651,2025-05-12T22:56:07.651000,13.651,0.09,-0.14,0.0
1747090567661,2025-05-12T22:56:07.661000,13.661,0.02,-0.09,-0.0
1747090567671,2025-05-12T22:56:07.671000,13.671,-0.02,-0.07,-0.05
1747090567681,2025-05-12T22:56:07.681000,13.681,-0.06,-0.06,-0.09
1747090567691,2025-05-12T22:56:07.691000,13.691,-0.06,-0.1,-0.08
1747090567701,2025-05-12T22:56:07.701000,13.701,-0.07,-0.15,-0.14
1747090567711,2025-05-12T22:56:07.711000,13.711,-0.07,-0.21,-0.24
1747090567721,2025-05-12T22:56:07.721000,13.721,-0.07,-0.25,-0.24
1747090567731,2025-05-12T22:56:07.731000,13.731,-0.07,-0.31,-0.13
1747090567741,2025-05-12T22:56:07.741000,13.741,-0.09,-0.34,-0.1
1747090567751,2025-05-12T22:56:07.751000,13.751,-0.12,-0.33,-0.13
1747090567761,2025-05-12T22:56:07.761000,13.761,-0.08,-0.29,-0.15
1747090567771,2025-05-12T22:56:07.771000,13.771,0.01,-0.32,-0.16
1747090567781,2025-05-12T22:56:07.781000,13.781,0.16,-0.34,-0.21
1747090567790,2025-05-12T22:56:07.790000,13.79,0.28,-0.34,-0.36
1747090567800,2025-05-12T22:56:07.800000,13.8,0.36,-0.34,-0.58
1747090567810,2025-05-12T22:56:07.810000,13.81,0.43,-0.36,-0.74
1747090567820,2025-05-12T22:56:07.820000,13.82,0.48,-0.33,-0.82
1747090567830,2025-05-12T22:56:07.830000,13.83,0.49,-0.3,-0.87
1747090567840,2025-05-12T22:56:07.840000,13.84,0.58,-0.31,-0.91
1747090567850,2025-05-12T22:56:07.850000,13.85,0.82,-0.29,-0.97
1747090567860,2025-05-12T22:56:07.860000,13.86,1.22,-0.26,-0.93
1747090567870,2025-05-12T22:56:07.870000,13.87,1.63,-0.28,-0.75
1747090567880,2025-05-12T22:56:07.880000,13.88,1.93,-0.37,-0.5
1747090567890,2025-05-12T22:56:07.890000,13.89,2.13,-0.5,-0.27
1747090567900,2025-05-12T22:56:07.900000,13.9,2.24,-0.63,-0.15
1747090567910,2025-05-12T22:56:07.910000,13.91,2.21,-0.77,-0.15
1747090567920,2025-05-12T22:56:07.920000,13.92,1.96,-0.91,-0.22
1747090567930,2025-05-12T22:56:07.930000,13.93,1.5,-0.97,-0.38
1747090567940,2025-05-12T22:56:07.940000,13.94,1.01,-0.86,-0.69
1747090567950,2025-05-12T22:56:07.950000,13.95,0.77,-0.56,-1.0
1747090567960,2025-05-12T22:56:07.960000,13.96,0.83,-0.14,-1.23
1747090567970,2025-05-12T22:56:07.970000,13.97,1.01,0.29,-1.39
1747090567979,2025-05-12T22:56:07.979000,13.979,1.09,0.6,-1.36
1747090567989,2025-05-12T22:56:07.989000,13.989,1.07,0.74,-1.04
1747090567999,2025-05-12T22:56:07.999000,13.999,0.87,0.76,-0.6
1747090568009,2025-05-12T22:56:08.009000,14.009,0.57,0.6,-0.18
1747090568019,2025-05-12T22:56:08.019000,14.019,0.27,0.31,0.22
1747090568029,2025-05-12T22:56:08.029000,14.029,0.1,-0.04,0.48
1747090568039,2025-05-12T22:56:08.039000,14.039,-0.01,-0.3,0.66
1747090568049,2025-05-12T22:56:08.049000,14.049,-0.14,-0.42,0.86
1747090568059,2025-05-12T22:56:08.059000,14.059,-0.32,-0.42,0.88
1747090568069,2025-05-12T22:56:08.069000,14.069,-0.55,-0.36,0.72
1747090568079,2025-05-12T22:56:08.079000,14.079,-0.72,-0.17,0.63
1747090568089,2025-05-12T22:56:08.089000,14.089,-0.83,0.08,0.59
1747090568099,2025-05-12T22:56:08.099000,14.099,-0.96,0.24,0.56
1747090568109,2025-05-12T22:56:08.109000,14.109,-1.11,0.3,0.52
1747090568119,2025-05-12T22:56:08.119000,14.119,-1.21,0.3,0.48
1747090568129,2025-05-12T22:56:08.129000,14.129,-1.17,0.25,0.45
1747090568139,2025-05-12T22:56:08.139000,14.139,-1.0,0.23,0.39
1747090568149,2025-05-12T22:56:08.149000,14.149,-0.66,0.28,0.32
1747090568159,2025-05-12T22:56:08.159000,14.159,-0.36,0.34,0.32
1747090568169,2025-05-12T22:56:08.169000,14.169,-0.36,0.37,0.28
1747090568179,2025-05-12T22:56:08.179000,14.179,-0.56,0.37,0.08
1747090568188,2025-05-12T22:56:08.188000,14.188,-0.77,0.3,-0.06
1747090568198,2025-05-12T22:56:08.198000,14.198,-0.89,0.3,0.21
1747090568208,2025-05-12T22:56:08.208000,14.208,-0.83,0.39,0.7
1747090568219,2025-05-12T22:56:08.219000,14.219,-0.69,0.37,1.1
1747090568228,2025-05-12T22:56:08.228000,14.228,-0.63,0.32,1.2
1747090568238,2025-05-12T22:56:08.238000,14.238,-0.78,0.33,1.06
1747090568248,2025-05-12T22:56:08.248000,14.248,-0.89,0.42,0.85
1747090568258,2025-05-12T22:56:08.258000,14.258,-0.86,0.52,0.55
1747090568268,2025-05-12T22:56:08.268000,14.268,-0.8,0.52,0.28
1747090568278,2025-05-12T22:56:08.278000,14.278,-0.77,0.46,0.17
1747090568288,2025-05-12T22:56:08.288000,14.288,-0.71,0.36,0.24
1747090568298,2025-05-12T22:56:08.298000,14.298,-0.58,0.25,0.31
1747090568308,2025-05-12T22:56:08.308000,14.308,-0.44,0.2,0.28
1747090568318,2025-05-12T22:56:08.318000,14.318,-0.34,0.21,0.21
1747090568328,2025-05-12T22:56:08.328000,14.328,-0.28,0.27,0.17
1747090568338,2025-05-12T22:56:08.338000,14.338,-0.25,0.33,0.11
1747090568348,2025-05-12T22:56:08.348000,14.348,-0.3,0.32,-0.03
1747090568358,2025-05-12T22:56:08.358000,14.358,-0.36,0.31,-0.07
1747090568368,2025-05-12T22:56:08.368000,14.368,-0.4,0.31,-0.08
1747090568378,2025-05-12T22:56:08.378000,14.378,-0.38,0.31,-0.06
1747090568387,2025-05-12T22:56:08.387000,14.387,-0.34,0.28,-0.05
1747090568397,2025-05-12T22:56:08.397000,14.397,-0.32,0.17,0.0
1747090568407,2025-05-12T22:56:08.407000,14.407,-0.34,-0.01,0.1
1747090568417,2025-05-12T22:56:08.417000,14.417,-0.38,-0.06,0.46
1747090568427,2025-05-12T22:56:08.427000,14.427,-0.24,-0.04,0.79
1747090568437,2025-05-12T22:56:08.437000,14.437,0.03,-0.1,0.8
1747090568447,2025-05-12T22:56:08.447000,14.447,0.23,-0.16,0.67
1747090568457,2025-05-12T22:56:08.457000,14.457,0.29,-0.18,0.45
1747090568467,2025-05-12T22:56:08.467000,14.467,0.27,-0.19,0.19
1747090568477,2025-05-12T22:56:08.477000,14.477,0.23,-0.19,0.01
1747090568487,2025-05-12T22:56:08.487000,14.487,0.2,-0.17,-0.11
1747090568497,2025-05-12T22:56:08.497000,14.497,0.21,-0.13,-0.15
1747090568507,2025-05-12T22:56:08.507000,14.507,0.29,-0.1,-0.13
1747090568517,2025-05-12T22:56:08.517000,14.517,0.47,-0.08,0.01
1747090568527,2025-05-12T22:56:08.527000,14.527,0.63,-0.04,0.08
1747090568537,2025-05-12T22:56:08.537000,14.537,0.66,-0.11,0.01
1747090568547,2025-05-12T22:56:08.547000,14.547,0.6,-0.17,-0.14
1747090568557,2025-05-12T22:56:08.557000,14.557,0.51,-0.21,-0.19
1747090568567,2025-05-12T22:56:08.567000,14.567,0.43,-0.2,-0.25
1747090568576,2025-05-12T22:56:08.576000,14.576,0.37,-0.2,-0.33
1747090568586,2025-05-12T22:56:08.586000,14.586,0.38,-0.22,-0.3
1747090568596,2025-05-12T22:56:08.596000,14.596,0.41,-0.21,-0.14
1747090568607,2025-05-12T22:56:08.607000,14.607,0.34,-0.21,-0.01
1747090568617,2025-05-12T22:56:08.617000,14.617,0.24,-0.25,0.28
1747090568626,2025-05-12T22:56:08.626000,14.626,0.14,0.01,0.59
1747090568636,2025-05-12T22:56:08.636000,14.636,-0.08,-0.01,0.03
1747090568646,2025-05-12T22:56:08.646000,14.646,-0.38,-0.28,-0.66
1747090568656,2025-05-12T22:56:08.656000,14.656,-0.71,-0.3,-1.11
